101,마포구,(구)합정동주민센터,마포구 동교로8길 58,37.549561,126.905754,9210,8305,5,
102,마포구,망원역1번출구앞,마포구 월드컵로 72,37.556,126.910454,31581,31396,20,
103,마포구,망원역2번출구앞,마포구 월드컵로 79,37.554951,126.910835,22963,22431,14,
104,마포구,합정역1번출구앞,마포구 양화로 59,37.550629,126.914986,19861,24835,13,
105,마포구,합정역5번출구앞,마포구 양화로 48,37.550007,126.914825,13136,15899,5,
106,마포구,합정역7번출구앞,마포구 독막로 4,37.548645,126.912827,32810,35061,10,
107,마포구,신한은행서교동금융센터점앞,마포구 월드컵북로 35,37.55751,126.918503,30975,25928,5,
108,마포구,서교동사거리,마포구 양화로 93,37.552746,126.918617,16969,17980,10,
109,마포구,제일빌딩앞,마포구 어울마당로 26,37.547691,126.919983,18600,19213,10,
110,서대문구,사천교,서대문구 홍제천로 11,37.568199,126.917847,3601,4190,20,
111,마포구,상수역2번출구앞,마포구 와우산로 40,37.547871,126.923531,20829,23536,10,
112,마포구,극동방송국앞,마포구 와우산로 56,37.549202,126.923203,24541,25412,10,
113,마포구,홍대입구역2번출구앞,마포구 양화로 165,37.557499,126.923805,76775,67112,25,
114,마포구,홍대입구역8번출구앞,마포구 양화로18길 3,37.55706,126.924423,30362,30781,15,
115,서대문구,사루비아빌딩앞,서대문구 연희로 6,37.558933,126.927116,19166,22489,15,
116,서대문구,일진아이윌아파트옆,서대문구 동교로 290,37.564541,126.927071,27110,21848,5,
117,서대문구,홍은사거리,서대문구 통일로 483,37.59116,126.94133,11833,10330,25,
118,마포구,광흥창역2번출구앞,마포구 독막로 지하165,37.547733,126.931763,22393,21300,10,
119,마포구,서강나루공원,마포구 창전로 30,37.545284,126.931053,19438,17701,10,
120,마포구,신수동사거리,마포구 토정로 211,37.545242,126.934113,10911,10060,5,
121,마포구,마포소방서앞,마포구 창전로 76,37.549767,126.933174,11476,10883,15,
122,마포구,신성기사식당앞,마포구 독막로 223-1,37.547249,126.939293,18440,17404,10,
123,서대문구,문화촌공원,서대문구 홍제동 277-23,37.59433,126.947388,4434,4086,20,
124,마포구,서강대정문건너편,마포구 서강로16길 72,37.55114,126.936989,22037,26326,20,
125,마포구,서강대남문옆,마포구 백범로 35,37.549484,126.93895,25493,24163,15,
126,마포구,서강대후문옆,마포구 대흥로 122,37.550411,126.943848,31413,29583,20,
127,마포구,현대벤처빌앞,마포구 백범로 10,37.55352,126.936951,6042,10356,15,
128,서대문구,신촌역(2호선)1번출구옆,서대문구 연세로 3-5,37.555496,126.93634,23352,24905,20,
129,마포구,신촌역(2호선)6번출구옆,마포구 신촌로 106,37.555054,126.937569,16152,15724,15,
130,마포구,신촌역(2호선)7번출구앞,마포구 신촌로 94,37.554859,126.936157,19879,18302,10,
131,서대문구,증산2교,서대문구 증가로 264,37.584171,126.911102,14666,12326,23,
132,서대문구,창천문화공원,서대문구 연세로5나길 19,37.556789,126.935883,16530,18471,15,
133,서대문구,해담는다리,서대문구 불광천길 150,37.582031,126.908997,8730,7298,15,
134,서대문구,연세로명물길,서대문구 명물길 33,37.557892,126.93808,9385,9628,8,
136,마포구,대흥동주민센터,마포구 신촌로26길 10,37.555691,126.942451,2303,6934,7,
137,서대문구,NH농협신촌지점앞,서대문구 연세로2다길 58,37.556812,126.943184,6078,10743,10,
138,서대문구,신촌동제1공영주차장앞,서대문구 증가로 264,37.559177,126.934525,12331,13679,10,
139,서대문구,연세대정문건너편,서대문구 연세로 42,37.559795,126.934479,5335,9486,13,
140,서대문구,이화여대후문,서대문구 연세로 50-1,37.560009,126.940735,11344,11040,20,
141,서대문구,연대대운동장옆,서대문구 연세로 50,37.562382,126.932648,10688,13352,20,
142,마포구,아현역4번출구앞,마포구 아현동 329-15,37.557201,126.955666,10728,10606,11,
143,마포구,공덕역2번출구,마포구 공덕동 257-88,37.544579,126.950218,13570,12117,9,
144,마포구,공덕역8번출구,마포구 공덕동 438-5,37.543579,126.951324,28503,23866,10,
145,마포구,공덕역5번출구,마포구 공덕동 237-9,37.54425,126.951637,10640,10720,9,
146,마포구,마포역1번출구뒤,마포구 도화동 555-2,37.539936,126.945824,21823,19838,12,
147,마포구,마포역4번출구뒤,마포구 도화동 292-29,37.539272,126.945915,19890,15495,7,
148,마포구,용강동주민센터앞,마포구 용강동 234-1,37.542347,126.943024,13470,11077,11,
150,마포구,서강대역2번출구앞,마포구 노고산동 112-13,37.552956,126.934341,15118,14320,15,
151,마포구,망원1동주민센터,마포구 망원동 403-2,37.555687,126.905548,13633,11076,10,
152,마포구,마포구민체육센터앞,마포구 망원동 452-4,37.55661,126.898018,39084,31408,30,
153,마포구,성산2교사거리,마포구 성산동 54-17,37.564697,126.912613,17871,16583,12,
154,마포구,마포구청역,마포구 망원동 477-23,37.560909,126.905495,19819,16461,13,
155,마포구,가좌역1번출구뒤,마포구 성산동123-29,37.56855,126.914513,10405,10470,15,
156,마포구,서울서부지방법원앞,마포구 공덕동 105-11,37.549904,126.955147,13826,11350,10,
157,마포구,애오개역4번출구앞,마포구 아현동 607-1,37.553001,126.956688,16168,12944,12,
158,서대문구,독립문어린이공원,서대문구 영천동 259-1,37.571259,126.96048,8997,8979,15,
159,서대문구,이대역4번출구,서대문구 대현동 60-11,37.556953,126.946342,5230,9660,7,
160,서대문구,북아현동가구거리,서대문구 북아현동 251-78,37.557549,126.959381,7089,8389,20,
161,서대문구,무악재역1번출구,서대문구 통일로 380-4,37.582245,126.950645,4543,4354,8,
162,서대문구,봉원고가차도밑,서대문구 대신동 143-1,37.565269,126.946243,6767,12530,15,
163,서대문구,명지전문대학교정문앞,서대문구 홍은동 산25-3,37.583698,126.924965,6150,6965,7,
164,서대문구,북가좌1동주민센터,서대문구 북가좌동 477-1,37.574478,126.910049,4605,5746,10,
165,서대문구,중앙근린공원,서대문구 북가좌동 470-1,37.575138,126.91394,8896,10147,20,
166,서대문구,가재울초등학교,서대문구 연희동 530,37.573277,126.919678,15531,14341,20,
167,서대문구,연가초등학교옆,서대문구 북가좌동 70-119,37.57946,126.91713,1461,4561,15,
168,서대문구,남가좌동사거리,서대문구 남가좌동 185-21,37.574821,126.918053,3027,4901,20,
169,서대문구,북가좌삼거리,서대문구 북가좌동 400,37.573002,126.907799,4132,4741,15,
170,서대문구,가재울뉴타운주유소옆,서대문구 남가좌동 124,37.573112,126.922447,10686,9496,10,
172,서대문구,서대문소방서,서대문구 연희로 182,37.573254,126.935722,7605,8685,8,
173,서대문구,서대문역8번출구앞,서대문구 충정로2가 138,37.564777,126.966148,10723,10897,8,
174,서대문구,명지대학교학생회관,서대문구 거북골로 34,37.580589,126.923447,457,717,10,
175,서대문구,홍연2교옆,서대문구 홍은동 387-16,37.578072,126.930817,18300,17088,20,
176,서대문구,명지대학교도서관,서대문구 거북골로 34,37.581097,126.924026,7119,6170,10,
177,서대문구,북가좌초등학교,서대문구 거북골로19길 20,37.577675,126.909805,2987,2847,8,
178,서대문구,증산3교앞,서대문구 북가좌동 352-9,37.579876,126.906349,6669,6002,10,
179,서대문구,가좌역4번출구앞,서대문구 남가좌동 293-3 ,37.569122,126.914795,12169,12088,15,
180,서대문구,충정로역7번출구뒤,서대문구 충정로3가 56-1,37.559967,126.962463,8088,9587,10,
181,마포구,망원초록길입구,마포구 마포나루길 467,37.551342,126.902672,2706,2999,15,
182,마포구,망원2빗물펌프장앞,마포구?동교로?7,37.551567,126.902847,14818,13844,10,
183,마포구,하늘채코오롱아파트건너편,마포구 연남로 30,37.565166,126.919395,24083,23508,15,
184,마포구,SK망원동주유소건너편,마포구 월드컵로 119?,37.558949,126.907753,14217,12831,9,
185,마포구,마포신수공원앞,마포구 현석동 106-32,37.542545,126.934296,11974,13564,15,
186,마포구,월드컵공원,마포구 하늘공원로 108-1,37.563965,126.898209,21935,20374,40,
188,서대문구,홍은동정원여중입구,서대문구 연희로37안길 51,37.586388,126.935127,7741,7606,10,
191,서대문구,정명학원,서대문구 응암로 66,37.578892,126.910736,6741,5672,10,
192,서대문구,연서어린이공원,서대문구 연희동 519-7,37.572227,126.923065,5660,5386,10,
194,서대문구,증산교앞,서대문구 불광천길 36,37.577316,126.902969,13792,13591,10,
195,서대문구,모래내고가차도,서대문구 연희동 446-76,37.567657,126.917809,5953,8129,10,
196,서대문구,연희교차로인근,서대문구 홍제천로 48,37.56612,126.925896,4549,5771,10,
198,서대문구,충정2교,서대문구 충정로3가 155-4,37.562138,126.963776,5889,7508,15,
199,마포구,서울월드컵경기장,마포구 성산동 515,37.566845,126.896446,7490,10695,30,
200,영등포구,국회의원회관,영등포구 의사당대로 1,37.528728,126.914925,6608,7614,20,
201,영등포구,진미파라곤앞,영등포구 국회대로76길 10,37.531239,126.921333,19522,19571,15,
202,영등포구,국민일보앞,영등포구 여의공원로 101,37.528816,126.92453,31654,27432,15,
203,영등포구,국회의사당역3번출구옆,영등포구 국회대로 지하758,37.528057,126.918701,16027,16012,15,
204,영등포구,국회의사당역5번출구옆,영등포구 의사당대로 8,37.528164,126.917023,10558,11702,13,
205,영등포구,산업은행앞,영등포구 의사당대로 97,37.526264,126.920509,18039,19555,20,
206,영등포구,KBS앞,영등포구 여의공원로 13,37.524666,126.918022,18383,19162,20,
207,영등포구,여의나루역1번출구앞,영등포구 여의동로 지하343,37.526989,126.932098,91431,91781,40,
209,영등포구,유진투자증권빌딩앞,영등포구 국제금융로 24,37.524612,126.927834,19350,18769,12,
210,영등포구,IFC몰,영등포구 국제금융로 10,37.526066,126.925537,28670,26780,12,
211,영등포구,여의도역4번출구옆,영등포구 국회대로68길 7,37.522228,126.924637,28729,31970,13,
212,영등포구,여의도역1번출구옆,영등포구 의사당대로 88,37.521362,126.923462,17404,26566,35,
213,영등포구,KT앞,영등포구 여의대로 38,37.521908,126.918953,20482,24052,15,
214,영등포구,금융감독원앞,영등포구 여의대로 38,37.523022,126.920837,11226,15277,20,
215,영등포구,여의도고교앞,영등포구 국제금융로7길 37,37.524837,126.934906,16155,15298,10,
216,영등포구,삼부아파트1동앞,영등포구 국제금융로7길 27,37.523491,126.932899,19182,20176,10,
217,영등포구,NH농협은행앞,영등포구 국제금융로8길 2,37.522079,126.930367,16488,15282,10,
218,영등포구,증권거래소앞,영등포구 여의나루로 76,37.523277,126.929237,7849,10708,20,
219,영등포구,롯데캐슬엠파이어옆,영등포구 의사당대로 127,37.520695,126.925835,10437,12249,12,
220,영등포구,미성아파트A동앞,영등포구 의사당대로 110,37.519363,126.926048,10586,12432,30,
221,영등포구,여의도초교앞,영등포구 여의대방로 439,37.522675,126.93779,22758,23117,10,
222,영등포구,시범아파트버스정류장옆,영등포구 63로 45,37.520271,126.938881,32081,27475,12,
223,영등포구,진주아파트상가앞,영등포구 국제금융로 108-6,37.519314,126.933167,16346,16999,20,
224,영등포구,롯데캐슬앞,영등포구 국제금융로 86,37.520088,126.932365,20588,20973,20,
225,영등포구,앙카라공원앞,영등포구 의사당대로 지하166,37.517368,126.929253,12010,15523,26,
226,영등포구,샛강역1번출구앞,영등포구 의사당대로 지하166,37.517765,126.928413,13384,16113,20,
227,영등포구,양평2나들목보행통로입구,영등포구 양화동 17-4,37.544666,126.888359,10715,8286,10,
228,영등포구,선유도역3번출구앞,영등포구 양평동4가 202-1,37.53846,126.894508,16751,16653,10,
229,영등포구,양평1보행육교앞,영등포구 양평동4가 20-4,37.535873,126.892181,9574,9718,20,
230,영등포구,영등포구청역1번출구,영등포구 당산로 111-2,37.524635,126.896217,19068,19813,10,
231,영등포구,남부고용노동지청남측,영등포구 양평동1가 115-2,37.524506,126.891823,4841,4966,10,
232,영등포구,양평우림이비즈센타앞,영등포구 양평동3가 14-1,37.52565,126.887817,18576,17413,20,
233,영등포구,YP센터앞,영등포구 양평동3가 60-1,37.528488,126.891647,1806,1947,10,
234,영등포구,영등포구민체육센터앞,영등포구 신길동 399 ,37.500462,126.905846,3489,3437,10,
235,영등포구,신길동우리은행옆,영등포구 신길동 250-4 ,37.504566,126.910233,4741,3946,10,
236,영등포구,문래동자이아파트앞,영등포구 문래동3가 68-1,37.516155,126.894615,6641,6952,10,
237,영등포구,보라매두산위브건너편,영등포구 신길동 4490 ,37.496513,126.914803,7245,5953,20,
238,영등포구,제2구민체육센타앞,영등포구 당산동4가 96-2,37.526386,126.902756,13314,13740,10,
239,영등포구,유스호스텔앞,영등포구 영등포동7가 58-2,37.525852,126.903282,11036,11317,20,
240,영등포구,문래역4번출구앞,영등포구 문래동3가 55-12 ,37.518738,126.895576,9054,10013,10,
241,영등포구,신길우성1차아파트앞공원,영등포구 도림동 255-2 ,37.505329,126.898483,4856,4861,10,
242,영등포구,신길선원가와인아파트앞,영등포구 신길동 215-28 ,37.510933,126.910225,6405,6385,15,
243,영등포구,이앤씨드림타워앞,영등포구 양평동3가 48-1,37.527084,126.89138,8224,8281,15,
244,영등포구,영등포삼환아파트앞,영등포구 영등포동8가 82-4 ,37.530079,126.905708,18935,16482,20,
245,영등포구,삼성생명당산사옥앞,영등포구 당산동4가 35-24 ,37.528263,126.896629,11629,11586,10,
247,영등포구,당산역10번출구앞,영등포구 당산동5가 14-4,37.533688,126.902107,27034,27811,19,
248,영등포구,초원아파트앞,영등포구 여의도동8-13,37.531055,126.92421,14210,13715,10,
249,영등포구,여의도중학교옆,영등포구 여의도동 8,37.52412,126.936546,12506,10769,8,
250,영등포구,대림아파트사거리,영등포구 신길동 249,37.507641,126.92308,4972,4797,10,
251,영등포구,서울지방병무청버스정류장,영등포구 신길동853,37.504494,126.921951,5064,5486,10,
252,영등포구,보라매역4번출구,영등포구 신길동4884,37.499977,126.920036,9840,9036,10,
253,영등포구,신풍역5번출구인근,영등포구 신길동3596,37.500648,126.909515,6057,6814,10,
254,영등포구,도림신협앞,영등포구 신길동263-76,37.503803,126.903419,2611,2276,10,
255,영등포구,도림4거리,영등포구 신길동373-1,37.506573,126.901131,5052,3938,10,
256,영등포구,동아에코빌입구,영등포구 도림동 159-70,37.509476,126.8993,5184,4845,10,
257,영등포구,신길삼거리(우리은행),영등포구 신길동95-256,37.513844,126.919357,14976,11859,10,
258,영등포구,신길역3번출구,영등포구 영등포동1가35,37.517693,126.914299,13600,12188,14,
259,영등포구,대방역6번출구,영등포구 신길동1368,37.513592,126.925934,23468,22596,17,
262,영등포구,영문초등학교사거리,영등포구 문래로 56,37.519928,126.889183,12774,11510,12,
263,영등포구,근로자회관사거리,영등포구 선유로 34,37.517151,126.888626,9341,9022,12,
264,영등포구,교보생명보험앞,영등포구 영등포로 96,37.521931,126.891617,6692,6389,15,
265,영등포구,영등포유통상가사거리,영등포구 영등포로 124,37.521133,126.896538,4503,5392,15,
266,영등포구,영등포청과시장사거리,영등포구 영등포로 177,37.520447,126.901093,14395,13804,10,
267,영등포구,삼성화재사옥옆,영등포구 양평로 76,37.535961,126.8983,8200,8899,10,
268,영등포구,그랜드컨벤션센터앞,영등포구 양평로 58,37.534718,126.900002,8644,9291,10,
270,영등포구,증권거래소후문교차로,영등포구 여의나루로 76,37.522343,126.927101,3039,3991,10,
271,영등포구,샛강생태공원방문자센터앞,영등포구 여의동로 48,37.518963,126.921616,4260,5785,10,
272,영등포구,당산육갑문,영등포구 당산로52길 3,37.535339,126.903679,18883,18746,20,
274,영등포구,영등포역지하쇼핑센타5번출구,영등포구 경인로 846,37.516651,126.90799,0,0,10,
275,영등포구,신동아아파트,영등포구 선유서로 76,37.522816,126.885651,0,0,10,
276,영등포구,SK영등포주유소,영등포구 경인로112길 1,37.518284,126.912636,0,0,10,
277,영등포구,영등포뉴타운지하상가2번게이트,영등포구 영중로 22,37.520119,126.905167,0,0,10,
278,영등포구,쌍용플레티넘오피스텔,영등포구 도영로 18,37.507931,126.895233,0,0,10,
279,영등포구,영등포푸르지오아파트,영등포구 도신로29길 28,37.513229,126.904465,0,0,15,
300,중구,정동사거리,중구 정동길 2-1,37.56805,126.969231,18054,20551,7,
301,종로구,경복궁역7번출구앞,종로구 사직로 지하130,37.575794,126.971451,14876,17934,16,
302,종로구,경복궁역4번출구뒤,종로구 사직로 지하130,37.575947,126.97406,27452,26926,12,
303,종로구,광화문역1번출구앞,종로구 세종대로 지하189,37.571732,126.974922,16973,19638,8,
304,종로구,광화문역2번출구앞,종로구 세종대로 지하172,37.572487,126.977501,14662,15659,7,
305,종로구,종로구청옆,종로구 삼봉로 43,37.572582,126.978355,18888,16569,16,
306,종로구,광화문역7번출구앞,종로구 세종대로 지하172,37.570808,126.976433,12587,14754,9,
307,종로구,서울역사박물관앞,종로구 새문안로 55,37.57,126.9711,14386,16333,11,
308,종로구,광화문S타워앞,종로구 새문안로 82,37.569969,126.973938,9400,10431,10,
309,종로구,광화문역6번출구옆,종로구 세종대로 지하172,37.569889,126.976456,11534,14897,13,
310,중구,청계광장옆,중구 세종대로 136,37.568878,126.97747,10963,13487,10,
311,중구,서울광장옆,중구 세종대로 지하 101,37.566612,126.97747,23087,29019,35,
312,중구,시청역1번출구뒤,중구 세종대로 지하101,37.564674,126.976738,21770,22526,7,
313,중구,서울역광장파출소옆,중구 통일로 13,37.556961,126.971771,12328,10165,5,
314,종로구,국립현대미술관,종로구 삼청로 30,37.579708,126.980858,20884,21750,10,
316,종로구,종각역1번출구앞,종로구 종로 47,37.570396,126.981789,23277,24779,12,
318,중구,광교사거리남측,중구 청계천로 30,37.568527,126.982552,9784,11021,10,
320,중구,을지로입구역4번출구앞,중구 을지로 55,37.566223,126.983589,15917,16311,20,
321,중구,KEB하나은행본점앞,중구 을지로 66,37.565464,126.984138,13349,15412,15,
322,중구,명동성당앞,중구 명동길 74,37.564476,126.986969,7189,10561,15,
324,중구,신세계백화점본점앞,중구 퇴계로 77,37.56134,126.9804,13023,13036,10,
326,종로구,안국역5번출구앞,종로구 율곡로 지하62,37.576241,126.98616,17310,22129,20,
327,종로구,낙원상가옆,종로구 삼일대로 428,37.573357,126.987465,17868,18162,10,
328,종로구,탑골공원앞,종로구 종로 99,37.570396,126.98819,20321,23165,11,
329,종로구,청계2가사거리옆,종로구 청계천로 93,37.568344,126.987892,20280,19902,8,
330,중구,청계천한빛광장,중구 남대문로10길 33,37.568165,126.984978,13138,12829,10,
331,중구,을지로2가사거리북측,중구 을지로 79,37.566383,126.987206,11125,11477,10,
332,중구,을지로2가사거리남측,중구 을지로 100,37.56599,126.987793,8820,10727,5,
334,종로구,종로3가역2번출구뒤,종로구 종로 지하129,37.570599,126.991791,21442,22216,10,
335,종로구,종로3가역15번출구앞,종로구 종로 지하129,37.570198,126.991257,13796,15063,10,
336,중구,티마크호텔앞,중구 충무로 15,37.562618,126.992836,14814,16208,10,
337,종로구,창경궁입구,종로구 창경궁로 185,37.578979,126.996475,9160,9485,5,
338,종로구,세운스퀘어앞,종로구 창경궁로 109,37.570957,126.997124,23309,22337,18,
339,종로구,종로4가사거리,종로구 종로 185,37.571068,126.998192,21832,23477,10,
340,종로구,혜화동로터리,종로구 창경궁로 271-1,37.585629,127.000679,28775,27706,8,
341,종로구,혜화역3번출구뒤,종로구 대학로 지하120,37.58157,127.001785,17527,20662,10,
342,종로구,대학로마로니에공원,종로구 대학로 104,37.579784,127.002533,27861,26220,10,
343,종로구,예일빌딩(율곡로)앞,종로구 율곡로 238,37.575432,127.004982,10068,10268,12,
344,종로구,성균관대E하우스앞,종로구 율곡로 259,37.574036,127.006721,17708,16540,10,
345,종로구,서울보증보험본사앞,종로구 김상옥로 29,37.573307,127.00071,15449,13460,15,
346,중구,맥스타일앞,중구 마장로 3,37.569183,127.00988,24514,21513,10,
347,중구,동대문역사문화공원역9번출구앞,중구 장충단로 지하230,37.565331,127.007843,16720,17237,18,
348,종로구,독립문역사거리,종로구 교북동 10-1,37.572029,126.960785,7072,6997,14,
349,종로구,사직동주민센터,종로구 사직로9길 5,37.576332,126.96859,9815,12059,7,
351,종로구,청운초교앞삼거리,종로구 청운동 108-22,37.585079,126.970619,13566,12927,8,
352,종로구,중앙고입구삼거리,종로구 창덕궁길 191,37.583416,126.985237,2647,5666,15,
353,종로구,재동초교앞삼거리,종로구 재동 19,37.579388,126.984947,9389,10033,8,
354,종로구,포르투갈대사관앞,종로구 창덕궁1길 3,37.579155,126.98896,11403,14326,10,
355,종로구,서울사대부속초교앞,종로구 연건동 178-3,37.576508,127.002457,12796,13349,15,
356,종로구,KT혜화지사앞,종로구 대학로 65,37.577145,127.00206,13476,15057,15,
358,종로구,성대입구사거리,종로구 창경궁로 234,37.5825,126.998535,32315,31700,13,
359,종로구,원남동사거리,종로구 율곡로 169,37.576061,126.997681,15306,15081,8,
361,종로구,동묘앞역1번출구뒤,종로구 숭인동 81-39,37.573242,127.015907,17822,15714,10,
362,종로구,청계8가사거리,종로구 청계천로 407,37.572224,127.022705,10774,11434,10,
363,종로구,신설동역11번출구뒤,종로구 숭인동 1311,37.57576,127.022835,10391,9595,10,
364,종로구,창신역1번출구앞,종로구 지봉로 87,37.579334,127.015083,6139,7757,8,
367,종로구,독립문역3-1번출구,종로구 무악동 41-7,37.573849,126.958694,7752,7838,8,
368,종로구,SK서린빌딩앞,종로구 서린동 93-2,37.569248,126.980537,11649,10919,12,
369,종로구,광화문시민열린마당,종로구 세종로 76-5,37.575493,126.9785,10990,13122,20,
370,중구,시청역(2호선)9번출구뒤,중구 서소문로 지하127,37.563229,126.974838,8107,9320,8,
371,중구,동대입구역6번출구뒤,중구 동호로 지하256,37.558872,127.005539,8178,8127,10,
372,중구,약수역3번출구뒤,중구 다산로 지하122,37.554295,127.0112,5706,5738,10,
373,중구,청구어린이공원,중구 다산로14길 41,37.555859,127.013855,1064,1274,8,
374,중구,청구역2번출구앞,중구 청구로 지하77,37.560474,127.014076,6876,6386,10,
375,중구,다산어린이공원,중구 다산로40길 37,37.563717,127.018425,7898,7025,8,
377,중구,서울역4번출구앞,중구 세종대로 지하2,37.557217,126.973007,4837,4876,10,
378,중구,청계7가사거리,중구 다산로 지하260,37.569805,127.016953,12037,12376,10,
379,중구,서울역9번출구,중구 세종대로 지하2,37.556,126.973358,5376,5984,7,
380,중구,CJ제일제당앞,중구 동호로 330,37.563866,127.002747,6917,7800,8,
381,중구,장충체육관,중구 장충동2가 200-99,37.558533,127.006989,918,2538,10,
382,중구,약수역10번출구앞,중구 신당동 357-1,37.555199,127.010048,5049,4629,7,
383,중구,신당역12번출구뒤,중구 신당동 99,37.565849,127.016403,13580,14058,17,
384,중구,종로학원본원,중구 청파로 456,37.55978,126.968506,4738,5200,10,
385,종로구,종각역5번출구,종로구 서린동 26-1,37.569836,126.982658,15427,16199,10,
386,종로구,올림픽기념국민생활관앞,종로구 성균관로 91,37.590233,126.99852,8211,9806,10,
387,중구,훈련원공원주차장앞,중구 을지로 227,37.566994,127.003464,5535,6052,10,
388,종로구,동성중학교앞,종로구 혜화동 56,37.585735,127.00161,8491,8456,10,
389,중구,을지로4가역1번출구,중구 을지로 지하 178,37.56673,126.996605,2333,2519,10,
390,중구,충무로역1번출구,중구 퇴계로 212,37.56139,126.995354,2966,3344,10,
391,중구,정동길입구,중구 세종대로19길 16,37.565437,126.973305,1325,1777,8,
400,마포구,상암한화오벨리스크1차앞,마포구 구룡길 19,37.587524,126.883003,12813,12289,15,
401,마포구,상암월드컵파크10단지앞,마포구 월드컵북로 502-36,37.586189,126.881615,9967,9125,15,
402,마포구,상암월드컵파크9단지앞,마포구 월드컵북로 501,37.582855,126.879822,13819,13011,20,
403,마포구,부엉이공원앞,마포구 가양대로 189,37.58559,126.884727,5279,10967,20,
405,마포구,DMC빌앞,마포구 월드컵북로60길 13,37.582657,126.885788,11351,9468,8,
406,마포구,상암월드컵파크7단지앞,마포구 상암산로1길 92,37.581314,126.880585,7522,8330,15,
407,마포구,마포구육아종합지원센터,마포구 상암산로1길 71,37.580631,126.883675,9507,9946,8,
408,마포구,LGCNS앞,마포구 월드컵북로 424,37.580811,126.88665,16268,15083,20,
409,마포구,누리꿈스퀘어옆,마포구 월드컵북로 396,37.579399,126.88916,33580,31620,25,
410,마포구,상암중학교옆,마포구 상암산로1길 26,37.577496,126.887772,4560,6067,10,
411,마포구,DMC홍보관,마포구 월드컵북로 366,37.577995,126.891472,15047,14441,9,
412,마포구,DMC산학협력연구센터앞,마포구 매봉산로 37,37.575802,126.890739,21244,20953,20,
413,마포구,상암월드컵파크3단지후문,마포구 매봉산로 8,37.571476,126.889687,8582,10794,9,
414,마포구,상암동주민센터옆,마포구 매봉산로2길 16,37.57822,126.89447,11360,11469,8,
415,마포구,DMC역9번출구앞,마포구 성암로 지하184,37.577469,126.897362,24996,29767,10,
416,마포구,상암월드컵파크1단지교차로,마포구 월드컵북로 502-7,37.575665,126.894447,6959,13452,12,
417,마포구,DMC역2번출구옆,은평구 수색로 지하175,37.575069,126.899918,17504,20860,20,
418,마포구,월드컵경기장역3번출구옆,마포구 월드컵로 지하240,37.570721,126.898979,26156,25494,10,
419,마포구,홈플러스앞,마포구 월드컵로 240,37.56842,126.899429,30829,35144,21,
420,마포구,서울시공공자전거상암센터,마포구 월드컵북로47길 10,37.566246,126.896179,16339,16492,40,
421,마포구,마포구청앞,마포구 월드컵로 212,37.565903,126.901184,31743,29744,8,
422,마포구,문화비축기지,마포구 증산로 87,37.569084,126.894424,1496,1731,13,
427,마포구,성산시영아파트,마포구 월드컵북로 260,37.569584,126.903816,0,0,10,
446,종로구,상명대입구,종로구 홍지문길 1,37.600128,126.957832,1832,1965,10,
447,종로구,신영동삼거리,종로구 진흥로 499,37.603992,126.961945,684,962,10,
449,종로구,일성아파트,종로구 평창문화로 119,37.608719,126.972862,472,882,10,
450,종로구,효자동삼거리,종로구 효자로13길 45,37.583603,126.972549,2057,2283,15,
451,종로구,청와대앞길,종로구 청와대로 73,37.583515,126.979668,918,1251,13,
500,광진구,어린이대공원역3번출구앞,광진구 능동로 지하210,37.54707,127.074272,21824,24567,10,
501,광진구,광진구의회앞,광진구 능동로 76,37.537308,127.070351,30370,29910,15,
502,광진구,뚝섬유원지역1번출구앞,광진구 능동로 10,37.53186,127.067192,73390,65574,15,
503,광진구,더샵스타시티C동앞,광진구 아차산로 262,37.536667,127.073593,15245,16656,15,
504,광진구,신자초교입구교차로,광진구 뚝섬로 596,37.53297,127.075935,15729,13907,5,
505,광진구,자양사거리광진아크로텔앞,광진구 아차산로 355,37.53701,127.082245,20831,20762,10,
506,성동구,금호어울림아파트앞,성동구 광나루로 249,37.549061,127.057793,4413,4585,7,
507,성동구,성수아이에스비즈타워앞,성동구 성수이로 147,37.548203,127.057114,7461,7185,7,
508,성동구,성수아카데미타워앞,성동구 성수이로 118,37.545166,127.05751,8374,10239,10,
509,성동구,이마트버스정류소옆,성동구 뚝섬로 379,37.539654,127.052589,21161,21510,20,
510,성동구,서울숲남문버스정류소옆,성동구 왕십리로11길 9,37.541222,127.0438,13884,12845,10,
511,성동구,서울숲역4번출구옆,성동구 왕십리로 지하77,37.544582,127.044609,33279,32505,16,
512,성동구,뚝섬역1번출구옆,성동구 아차산로 18,37.548561,127.045006,22062,23227,15,
513,성동구,뚝섬역5번출구정류소옆,성동구 아차산로 18,37.546307,127.049805,15051,14484,8,
514,성동구,성수사거리버스정류장앞,성동구 아차산로 171,37.54258,127.063309,18192,17723,7,
515,광진구,광양중학교앞,광진구 자양로3길 7,37.530235,127.08683,8476,7869,10,
516,광진구,광진메디칼앞,광진구 광나루로 355,37.548405,127.069366,14917,14537,10,
518,성동구,청계천박물관앞,성동구 마장동 610,37.571526,127.035355,5840,5741,20,
519,성동구,양지사거리,성동구 홍익동 590,37.566994,127.029915,6623,7954,20,
520,성동구,상왕십리역4번출구앞,성동구 하왕십리동 960-3,37.563858,127.030319,7761,10050,10,
521,성동구,왕십리역11번출구앞,성동구 행당동 188-9,37.561447,127.03492,14286,14808,14,
522,성동구,금호역1번출구앞,성동구 금호동3가 1575-3,37.548641,127.016426,2356,2056,9,
523,성동구,옥수동성당옆,성동구 옥수동 산5-148,37.543663,127.014061,528,1497,11,
524,성동구,래미안금호하이리버아파트102동옆,성동구 금호동2가 1220-1,37.5522,127.025055,2566,2883,10,
525,성동구,한양대병원사거리,성동구 행당동 20-2,37.558052,127.040352,23151,24030,20,
526,성동구,용답토속공원앞,성동구 용답동 224-1,37.563511,127.056725,8143,7428,10,
529,성동구,장한평역8번출구앞,성동구 용답동 224-3,37.561371,127.06366,12492,12794,15,
530,성동구,청계벽산아파트앞,성동구 하왕십리동 286-24,37.568748,127.030403,7592,7414,9,
533,성동구,우리은행금호동지점앞,성동구 금호동4가 1101,37.548149,127.021088,3609,2258,7,
534,성동구,금호사거리,성동구 금호동2가 1205-1,37.548634,127.025726,3620,3555,20,
535,성동구,응봉삼거리,성동구 응봉동 134-26,37.553986,127.033592,7141,8341,16,
536,성동구,행당역2번출구앞,성동구 행당동 347-11,37.55735,127.029213,7385,6667,8,
537,성동구,한양대후문역부근,성동구 행당동 10,37.560356,127.041397,13079,12947,10,
538,성동구,답십리역8번출구앞,성동구 용답동 102-1,37.56765,127.051155,8904,8044,15,
539,광진구,군자교교차로,광진구 중곡동 263-1,37.559795,127.074203,8538,8597,10,
540,광진구,군자역7번출구베스트샵앞,광진구 군자동 499,37.55603,127.078644,29832,27080,8,
542,광진구,강변역4번출구뒤,광진구 구의동 546-6,37.535465,127.094482,7967,7609,19,
543,광진구,구의공원(테크노마트앞),광진구 구의동 546-3,37.535969,127.094673,6046,7634,20,
544,광진구,광남중학교,광진구 광장동 561-15,37.54073,127.102905,6047,5429,20,
546,광진구,잠실대교북단교차로,광진구 자양동 722,37.532478,127.085091,8035,7872,8,
548,광진구,자양나들목,광진구 자양동 738,37.52977,127.07486,13073,13087,20,
549,광진구,아차산역3번출구,광진구 구의동 96,37.551224,127.089706,10439,10113,10,
550,성동구,서울시설공단앞,성동구 마장동 610 ,37.57164,127.03566,7773,7793,15,
551,광진구,구의삼성쉐르빌앞,광진구 구의강변로 106,37.540062,127.094498,11034,10359,10,
552,광진구,대림아크로리버앞,광진구 구의강변로 64,37.536579,127.092972,3520,3502,10,
553,광진구,중곡성원APT앞,광진구 동일로 459,37.571255,127.079803,6869,6178,10,
555,광진구,구의3동주민센터,광진구 강변역로 17,37.537849,127.092171,3453,3388,10,
556,성동구,달맞이공원,성동구 금호동4가 367-1,37.542053,127.020401,3330,3477,20,
557,성동구,도선동주민센터앞,성동구 무학로10길 6,37.567642,127.025696,8350,7796,10,
558,성동구,성동광진교육지원청앞,성동구 고산자로 260,37.564606,127.036522,10061,11085,20,
559,성동구,왕십리역4번출구건너편,성동구 왕십리광장로 10-1,37.561096,127.036797,11796,12212,10,
560,성동구,비전교회앞,성동구 동일로 213,37.551205,127.068932,8857,8467,8,
561,성동구,서울숲역2번출구앞,성동구 왕십리로 64,37.542816,127.04467,12420,13172,10,
562,성동구,군자지하보도앞,성동구 동일로 313,37.559246,127.07341,6940,7512,10,
563,성동구,성동세무서건너편,성동구 광나루로 302,37.547913,127.062752,16108,12401,10,
564,성동구,금호역3번출구,성동구 동호로 99,37.547928,127.015572,685,1003,15,
565,성동구,옥수역3번출구,성동구 한림말길 56,37.541363,127.017662,24940,21656,20,
567,성동구,성수역2번출구앞,성동구 아차산로 113,37.54459,127.057083,16144,19480,15,
568,성동구,청계8가사거리부근,동대문구 청계천로 417,37.571102,127.02356,19015,18081,10,
569,성동구,응봉현대아파트정류소,성동구 독서당로 381,37.549583,127.030243,3567,4033,10,
571,광진구,어린이대공원역6번출구,광진구 군자로 74,37.548496,127.07476,14913,16427,20,
572,광진구,국립정신건강센터앞,광진구 능동로 398,37.565536,127.0867,5426,5554,20,
573,광진구,구의문주차장앞,광진구 능동로 216,37.545231,127.084732,14805,15297,10,
574,광진구,아차산역4번출구,광진구 능동로 216,37.551849,127.088982,8516,11352,20,
575,광진구,중앙농협중곡지점,광진구 용마산로 120,37.564293,127.086937,2226,2002,10,
576,광진구,광나루역3번출구,광진구 아차산로 552,37.54483,127.104263,5247,5466,10,
577,광진구,광진청소년수련관,광진구 구천면로 2,37.546547,127.106133,9579,8934,10,
578,성동구,성동세무서부근,성동구 광나루로 303-1,37.548286,127.062088,9780,9292,8,
579,성동구,마장역4번출구,성동구 마장로 292-1,37.565205,127.041847,8902,9826,8,
580,성동구,신금호역3번출구뒤,성동구 무수막길 97,37.55439,127.020149,770,2552,6,
581,성동구,용답초등학교,성동구 용답25길 1,37.561012,127.054237,7709,6201,13,
582,성동구,경일중학교앞,성동구 성수일로 27,37.543179,127.04908,5804,6590,10,
583,성동구,청계천생태교실앞,성동구 마장로39길 51,37.56797,127.04689,18249,16684,20,
584,광진구,광진광장교통섬,광진구 군자동 374-8,37.547829,127.072632,11506,15639,20,
585,성동구,성수2가1동공영주차장인근,성동구 성수동2가 569-3,37.536808,127.055489,8702,8331,9,
586,성동구,마장동주민센터,성동구 마장로42길 14,37.565941,127.045395,5220,4785,10,
587,성동구,KEB하나은행성수중앙지점,성동구 성수동2가 276-5,37.545418,127.052643,5017,6187,10,
588,광진구,뚝섬유원지역,광진구 능동로 10,37.532688,127.067497,7673,8210,15,
589,성동구,성수역3번출구,성동구 아차산로 100,37.544159,127.056656,2614,2639,8,
590,광진구,건국대학교(입학정보관),광진구 능동로 120,37.540089,127.073746,5028,4933,10,
591,광진구,건국대학교(행정관),광진구 능동로 120,37.542778,127.075371,1292,1266,5,
592,광진구,건국대학교학생회관,광진구 능동로 120,37.541763,127.07843,5717,5240,15,
593,광진구,양중앙나들목,광진구 자양강변길 301,37.528587,127.077873,685,660,5,
594,성동구,중랑물재생센터(서울새활용플라자),성동구 자동차시장길 49,37.558365,127.056908,1316,1192,15,
600,동대문구,휘경2동주민센터,동대문구 한천로 329,37.589912,127.06868,8007,7145,10,
601,동대문구,용신동주민센터,동대문구 용두동 65-25,37.575947,127.037361,5605,5528,10,
602,동대문구,장안동사거리,동대문구 장한로 25길 2,37.572174,127.071388,16081,13138,10,
604,동대문구,답십리초등학교옆공원,동대문구 전농로3길 23,37.569656,127.055962,4216,3458,15,
605,동대문구,신설동역8번출구,동대문구 천호대로 26,37.5742,127.026497,5892,5843,8,
606,동대문구,휘경공고앞,동대문구 겸재로 21,37.584625,127.07029,3145,2235,6,
607,동대문구,신이문역2번출구,동대문구 이문동186-1,37.602711,127.067863,6365,5487,10,
608,동대문구,전농삼성아파트,동대문구 전농로 192,37.58131,127.055344,3730,3268,10,
609,동대문구,제기2교,동대문구 제기동122-388,37.587791,127.037361,13329,12354,20,
610,동대문구,동대문중교차로,동대문구 답십리동 524-1,37.573086,127.052162,5266,5496,10,
612,동대문구,시립동부병원앞사거리,동대문구 용두동 237-10 ,37.573666,127.030815,8229,7461,20,
613,동대문구,신설동역10번출구앞,동대문구 신설동 92-34,37.575272,127.023468,10102,10304,10,
614,동대문구,용두동사거리,동대문구 용두동 237-10,37.577686,127.031013,15399,15635,20,
615,동대문구,용두동레미안허브리츠아파트앞,동대문구 용두동 696-13 ,37.576382,127.03511,8632,8076,20,
616,동대문구,서울시립대앞,동대문구 전농동 135-5,37.582561,127.054367,3705,8425,20,
617,동대문구,청솔우성아파트앞,동대문구 답십리동 94-2 ,37.574203,127.057693,8499,6774,20,
621,동대문구,동대문중학교옆,동대문구 사가정로 62,37.574718,127.053391,3122,3341,15,
622,동대문구,전농사거리교통섬,동대문구 사가정로 119,37.577793,127.057831,10699,7396,15,
623,동대문구,서울시립대정문앞,동대문구 서울시립대로 161,37.583698,127.053856,13373,21450,20,
624,동대문구,전농동동아아파트앞,동대문구 서울시립대로 31,37.574188,127.045891,11562,9446,10,
625,동대문구,답십리초등학교앞(현대시장옆),동대문구 전농로 34,37.568192,127.057175,8958,7691,9,
626,동대문구,군자교서측녹지대,동대문구 장한로6길 95,37.561153,127.070969,5569,5158,10,
627,동대문구,장안동삼거리교통섬,동대문구 사가정로 240,37.578632,127.071907,6242,5114,10,
628,동대문구,휘봉고등학교앞,동대문구 한천로 290,37.586815,127.067543,2277,1939,15,
630,동대문구,동대문구보건소,동대문구 천호대로 145,37.574852,127.040306,10499,10349,15,
631,동대문구,답십리역1번출구,동대문구 천호대로 269,37.568184,127.051277,13060,12213,15,
633,동대문구,청량리기업은행앞,동대문구 홍릉로 1,37.580406,127.044823,15560,13198,8,
634,동대문구,외국어대정문앞,동대문구 이문로 107,37.59602,127.05983,22929,21078,20,
635,동대문구,시조사앞(청량고정문옆),동대문구 이문로1길 11,37.587517,127.052773,10558,10647,12,
636,동대문구,세종대왕기념관교차로,동대문구 회기로 56,37.5909,127.042587,4870,4206,10,
637,동대문구,KAIST경영대학앞,동대문구 회기로 85,37.591614,127.045792,6006,6485,10,
638,동대문구,서울시립대정보기술관,동대문구 한천로43길 12-14,37.583008,127.060974,10996,7504,20,
639,동대문구,서울시립대후문,동대문구 한천로43길 12-14,37.585197,127.060951,12816,15900,14,
640,동대문구,KEB하나은행청량리역지점,동대문구 왕산로 205,37.582455,127.044495,5420,5065,6,
641,동대문구,용두역4번출구,동대문구 청계천로 563,37.573753,127.038536,13883,12618,10,
642,동대문구,신답역사거리,동대문구 천호대로 231,37.570156,127.048584,5841,5770,7,
643,동대문구,동대문구민체육센터(육교아래),동대문구 장안벚꽃로 77,37.566971,127.074417,7146,6177,10,
647,동대문구,신이문역1번출구,동대문구 신이문로 44,37.602798,127.067268,0,0,10,
651,동대문구,우리은행청량리지점앞,동대문구 왕산로 239,37.582748,127.048279,0,0,10,
700,양천구,KB국민은행염창역지점앞,양천구 목동 559,37.546848,126.872772,12152,10237,20,
701,양천구,목동사거리부근,양천구 목동 813,37.532803,126.86393,4348,3445,8,
702,양천구,목4동주민센터옆,양천구 목동 904-3,37.532543,126.868729,4397,3562,16,
703,양천구,오목교역7번출구앞,양천구 목동 451,37.524063,126.87558,24546,22780,12,
704,양천구,남부법원검찰청교차로,양천구 신정동 1095,37.523254,126.864906,8394,7853,15,
706,양천구,신정네거리역,양천구 신월동 894,37.521881,126.851753,7081,5538,15,
707,양천구,신정3동주민센터,양천구 중앙로 209,37.515156,126.854897,3888,3798,10,
708,양천구,서울출입국관리사무소앞,양천구 신정동 319-3,37.51897,126.869965,8255,7360,16,
709,양천구,신정3동현장민원실앞,양천구 신정동 760-2,37.511585,126.84156,1582,1605,20,
710,양천구,서부화물트럭터미널사거리,양천구 신정동 759-2,37.510658,126.842537,2749,2864,12,
711,양천구,신일해피트리아파트앞,양천구 신월동 1063-4,37.517059,126.848488,1118,2168,20,
712,양천구,강월초교입구사거리,양천구 신월동 905,37.516998,126.838318,3827,2291,14,
713,양천구,양서중학교옆,양천구 신월동 790,37.533047,126.829956,2340,2235,20,
714,양천구,한국SGI양천문화회관앞,양천구 신월동 790,37.532547,126.830803,2627,2105,10,
716,양천구,정6동주민센터인근,양천구 목동서로 355,37.517281,126.864334,10352,9081,15,
719,양천구,홍익병원앞교차로,양천구 등촌로 2,37.530369,126.864258,5641,5036,10,
720,양천구,서울강월초등학교앞,양천구 신월로 97,37.516197,126.8349,1662,2859,10,
722,양천구,LG전자베스트샵신정점,양천구 신월로 328,37.521435,126.857384,0,1,10,
723,양천구,SBS방송국,양천구 목동서로161,37.529163,126.872749,0,0,15,
724,양천구,계남공원입구주출입구좌측,양천구 신정동 621-14,37.510681,126.857399,0,0,15,
725,양천구,양강중학교앞교차로,양천구 남부순환로88길5-16,37.524334,126.850548,0,0,15,
729,양천구,서부식자재마트건너편,양천구 신정동 236 ,37.51038,126.866798,0,0,10,
731,양천구,서울시도로환경관리센터,양천구 목동동로 316-6,37.5299,126.876541,0,0,10,
732,양천구,신월동이마트,양천구 화곡로 59,37.539551,126.8283,0,0,10,
733,양천구,신정이펜하우스314동,양천구 신정이펜1로50 ,37.514099,126.831001,1,0,10,
734,양천구,신트리공원입구,양천구 신정동 310-8 ,37.51395,126.856056,0,0,10,
736,양천구,오솔길공원,양천구 남부순환로70길11-9,37.52219,126.8367,0,0,10,
739,양천구,신월사거리,양천구 신월동 263,37.536201,126.827797,0,0,15,
740,양천구,으뜸공원,양천구 가로공원로 133,37.536369,126.831711,0,0,10,
741,양천구,화곡로입구교차로,양천구 신월동 258,37.53952,126.825401,0,0,10,
742,양천구,등촌역5번출구뒤,양천구 등촌로 236,37.550732,126.864578,0,0,10,
743,양천구,현대6차아파트101동옆,양천구 신정동 735-5,37.5089,126.842682,0,0,10,
744,양천구,신목동역2번출구,양천구 목동중앙로 212 앞,37.543842,126.882545,0,0,10,
745,양천구,강서초등학교,양천구 오목로 31 부근,37.522282,126.839699,0,0,10,
746,양천구,목동2단지상가, 양천구 목동 902-5 ,37.536503,126.877747,0,0,10,
747,양천구,목동3단지상가,양천구 목동 903-6,37.53458,126.875648,0,0,10,
748,양천구,목동운동장,양천구 안양천로 939,37.530251,126.879303,0,0,15,
800,용산구,목월공원앞,용산구 원효로4가 109-10,37.532433,126.954742,12113,10155,15,
802,용산구,한강진역2번출구앞,용산구 한남동 726-494,37.541153,127.002213,2617,5152,10,
803,용산구,한남초교앞보도육교,용산구 한남동 725-17,37.538139,127.004097,2836,2681,10,
805,용산구,문배어린이공원앞,용산구 문배동 34-10,37.536758,126.970001,10657,8342,9,
806,용산구,전자랜드본관앞,용산구 한강로3가 16-8,37.533066,126.960732,7229,8450,20,
807,용산구,서울역12번출구앞,용산구 동자동 14-229,37.552277,126.972687,7965,7618,10,
808,용산구,서빙고동금호맨션앞,용산구 서빙고동 235-5,37.520504,126.989738,3017,2710,10,
809,용산구,한남유수지복개주차장,용산구 독서당로 18,37.530167,127.007439,14091,11868,10,
810,용산구,이태원지하보도,용산구 용산동2가 5-1812,37.53841,126.986649,4562,5106,10,
811,용산구,녹사평역1번출구,용산구 용산동2가 6-7,37.53508,126.985382,7073,13331,20,
812,용산구,용산전쟁기념관,용산구 용산동1가 8-4,37.53484,126.977661,4464,4927,20,
813,용산구,삼각지역3번출구,용산구 한강로1가 228-1,37.533512,126.972275,7257,7297,20,
815,용산구,LIG강촌아파트103동앞,용산구 이촌동301-5,37.518509,126.978798,9981,8751,20,
816,용산구,신용산역6번출구앞,용산구 한강대로 115,37.530148,126.968483,21098,19576,10,
817,용산구,삼각지역4번출구앞,용산구 한강대로 161,37.533451,126.971733,4763,4821,9,
818,용산구,숙명여대입구교차로,용산구 청파로47길 100,37.544895,126.969383,14324,12750,15,
819,용산구,선린인터넷고등학교,용산구 원효로97길 33-4,37.541653,126.970505,11735,10555,12,
820,용산구,청파동입구교차로,용산구 한강대로 349,37.549026,126.971947,8405,7547,10,
822,용산구,이촌1동마을공원,용산구 이촌로 219,37.522041,126.965523,8438,7818,10,
823,용산구,효창동주민센터앞,용산구 효창원로 161,37.54232,126.96196,4337,4162,10,
825,용산구,서빙고동주민센터앞,용산구 서빙고로 279,37.520336,126.994263,23143,18492,15,
826,용산구,서울역서부교차로2,용산구 만리재로 202,37.555367,126.968643,3265,3539,20,
827,용산구,국군복지단,용산구 두텁바위로 54-99,37.541885,126.97966,11,29,20,
828,용산구,숙대입구역8번,용산구 한강대로 289,37.544079,126.972,69,41,7,
829,용산구,베르가모앞,용산구 한강대로 23,37.52293,126.961693,0,0,20,
830,용산구,청암자이아파트앞,용산구 원효로 35,37.534424,126.94857,0,0,10,
832,용산구,이촌1동주민센터뒤,용산구 이촌로71길 24,37.521282,126.973465,0,0,15,
834,용산구,효창공원앞역3번출구뒤,용산구 백범로 지하 287,37.539009,126.96138,0,0,15,
836,용산구,현대자동차서비스앞,용산구 원효로 74,37.531422,126.9515,0,0,15,
900,은평구,은평예술회관,은평구 녹번동 85-4,37.603943,126.927696,7311,6442,20,
901,은평구,응암1동사무소,은평구 응암동 84-14,37.600975,126.926956,7766,7343,10,
902,은평구,진관동은빛초등학교,은평구 진관동 45-21,37.643108,126.918221,2544,2240,10,
903,은평구,은평뉴타운아이파크,은평구 진관동 13-20,37.645866,126.927391,4037,3946,20,
904,은평구,은평뉴타운푸르지오,은평구 진관동 5-8,37.648674,126.930702,4801,4710,18,
905,은평구,구파발역2번출구,은평구 진관동 86-31,37.636234,126.918999,9575,9311,11,
906,은평구,연신내역5번출구150M아래,은평구 대조동 207-8,37.61721,126.919579,14468,13306,10,
907,은평구,CJ드림시티,은평구 역촌동 43-11,37.599491,126.916862,30046,23338,10,
908,은평구,구산역4번출구,은평구 갈현동 536-8,37.613186,126.917351,5388,5535,10,
909,은평구,백련산힐스테이트3차,은평구 응암동 761-9,37.586994,126.922882,1543,3489,10,
911,은평구,은평평화공원(역촌역4번출구),은평구 녹번동 153-31,37.605583,126.922935,8537,8870,10,
912,은평구,응암오거리,은평구 응암동 604-5,37.589661,126.916946,10959,8707,10,
913,은평구,이마트은평점,은평구 응암동 90-15,37.6007,126.920128,15642,15122,15,
914,은평구,새절역2번출구,은평구 응암동 610-3,37.590797,126.913651,19235,15259,20,
915,은평구,증산역4번출구,은평구 증산동 199-8,37.584381,126.909897,8440,7024,10,
916,은평구,평생학습관앞,은평구 역촌동 15-40,37.607849,126.921326,6228,5531,7,
917,은평구,녹번역4번출구,은평구 녹번동 55,37.601299,126.935349,4272,6521,9,
919,은평구,서울혁신파크,은평구 녹번동 15-2,37.607948,126.932503,3045,2951,10,
921,은평구,신도고등학교,은평구 진관동 242-14,37.630016,126.919029,2186,3558,10,
922,은평구,연신내역4번출구,은평구 대조동 227-2,37.617802,126.921967,3664,4407,10,
923,은평구,국민은행연서지점,은평구 불광동 355,37.620949,126.925636,3958,3811,10,
924,은평구,메뚜기다리,은평구 진관동 161-9,37.628517,126.929581,1559,2310,15,
925,은평구,불광역2번출구,은평구 불광동 285-43,37.609566,126.930977,3330,3757,8,
926,은평구,불광역8번출구,은평구 불광동 276-6,37.611179,126.929665,9068,8756,8,
927,은평구,연신내역3번출구인근,은평구 불광동 304-5,37.617855,126.922523,3643,4276,10,
928,은평구,은평역사한옥박물관,은평구 진관동 133-29,37.641315,126.938042,1216,1635,15,
930,은평구,구서부경찰서건너편,은평구 역촌동 41-7,37.601662,126.920303,2833,2561,7,
931,은평구,역촌파출소,은평구 역촌동 45-34,37.604736,126.915337,12298,9399,10,
932,은평구,예일여중,은평구 연서로 117,37.610004,126.916397,6166,6169,10,
933,은평구,LG서비스역촌점,은평구 서오릉로 163,37.612484,126.914879,7406,6522,10,
934,은평구,신사동성당,은평구 신사동 41-3,37.597141,126.909599,0,0,15,
935,은평구,역촌역1번출구,은평구 역촌동 17-55,37.605202,126.922112,0,0,7,
937,은평구,상림마을롯데캐슬2단지옆,은평구 진관동 30-23,37.645851,126.923798,1,1,15,
939,은평구,은평구청교차로,응암동 82-31,37.6017,126.927422,0,0,15,
941,은평구,은평뉴타운도서관,진관동 141-27,37.63726,126.933701,0,0,13,
942,은평구,상림마을생태공원,진관동 16-4,37.644081,126.929283,1,0,15,
943,은평구,은평구청보건소,녹번동 84,37.602402,126.92865,0,0,10,
945,은평구,기자촌사거리,은평구 진관동 149-17,37.63414,126.932343,1,1,10,
947,은평구,연신내선일하이츠빌정류소,불광동 484-165,37.622669,126.919991,0,0,10,
948,은평구,디지털미디어시티역4번출구,증산동 239,37.577202,126.902351,0,0,10,
949,은평구,연신내역1번출구,불광동 487-2,37.619781,126.920807,0,1,7,
950,은평구,구산역2번출구,역촌동 1-57,37.610779,126.917351,0,0,7,
952,은평구,서울연신중학교,불광동 400-4번지,37.62265,126.925247,1,0,10,
953,은평구,서울연신초등학교,불광동 73-1번지 ,37.625778,126.928818,0,1,10,
954,은평구,은평뉴타운구파발9단지,은평구 진관3로 77,37.642609,126.921478,0,0,10,
956,은평구,응암시장교차로,은평구 응암로 248,37.594376,126.918159,0,0,9,
1001,강동구,광진교남단사거리(디지털프라자앞),강동구 구천면로 171,37.541805,127.124718,6936,6811,15,
1002,강동구,해공공원(천호동),강동구 올림픽로 702,37.545219,127.125916,3382,2878,10,
1003,강동구,해공도서관앞,강동구 올림픽로 702,37.543915,127.125458,2898,2838,20,
1004,강동구,삼성광나루아파트버스정류장,강동구 상암로3길 77,37.553349,127.12886,4514,3013,10,
1006,강동구,롯데캐슬115동앞,강동구 양재대로 1665,37.55492,127.142799,2746,3147,15,
1007,강동구,암사동선사유적지,강동구 올림픽로 875,37.559063,127.130646,657,626,16,
1008,강동구,암사역3번출구(국민은행앞),강동구 올림픽로 지하 776,37.549549,127.127151,5977,4385,10,
1009,강동구,천호역4번출구(현대백화점),강동구 천호대로 지하 997,37.538658,127.124214,1025,1274,20,
1010,강동구,강동세무서,강동구 천호대로 1139,37.534481,127.138344,4347,4576,20,
1011,강동구,LIGA아파트앞,강동구 천호대로 1120,37.534771,127.135239,5753,5912,20,
1012,강동구,서울상운차량,강동구 올림픽로 610,37.536026,127.122726,5983,6329,15,
1013,강동구,강동구청역1번출입구,강동구 올림픽로 지하 550,37.530773,127.120926,5469,5784,15,
1014,강동구,강동구평생학습관앞,강동구 고덕로 295,37.5508,127.142624,2629,3068,15,
1015,강동구,샛마을근린공원,강동구 구천면로 431-2,37.550079,127.146912,1965,1687,13,
1016,강동구,해뜨는주유소옆리엔파크109동앞,강동구 상일로 152,37.559399,127.171158,1998,1780,10,
1017,강동구,맥도날드(길동),강동구 천호대로 1207,37.535473,127.145172,4165,3641,20,
1018,강동구,둔촌주공GS맞은편,강동구 양재대로 1330,37.524681,127.135406,3491,3112,20,
1019,강동구,다성이즈빌아파트(호원대대각선맞은편),강동구 성내로 91,37.526825,127.130028,5297,4418,10,
1020,강동구,강동경찰서,강동구 성내로 57,37.52829,127.126801,5972,5526,15,
1021,강동구,강일동리슈빌빌딩앞,강동구 아리수로 419,37.564301,127.17395,2486,2423,15,
1022,강동구,길동사거리(초소앞),강동구 양재대로 1441,37.533764,127.138031,3445,3264,20,
1023,강동구,한국종합기술사옥앞,강동구 상일동 504 ,37.549999,127.17469,13,15,15,
1024,강동구,강동구청앞,성내동 546-3 ,37.529251,127.123108,174,175,10,
1025,강동구,상일초등학교, 상일동 440-3,37.546696,127.172546,15,15,10,
1026,강동구,대명초교입구교차로,명일동 59,37.546631,127.155884,48,40,14,
1027,강동구,프라자아파트앞,길동 176-3,37.535999,127.147697,67,50,20,
1028,강동구,포레스주상복합빌딩,성내동 119-2,37.5331,127.12278,113,105,10,
1029,강동구,롯데시네마,성내동  44-1,37.536541,127.125397,250,252,10,
1030,강동구,미호플랜트앞,성내동 478,37.527061,127.12207,117,123,15,
1031,강동구,암사동CBIS,암사동 440-13,37.555851,127.129898,37,29,15,
1032,강동구,선사고등학교,암사동 445,37.556728,127.136208,53,37,20,
1033,강동구,고덕동아남아파트,고덕동 673,37.557991,127.144707,144,185,10,
1034,강동구,고덕동래미안힐스테이트,고덕동 603,37.561909,127.150749,18,12,15,
1035,강동구,고덕역4번출구,명일동 46-5,37.555016,127.155273,208,278,20,
1036,강동구,고덕동주양쇼핑,명일동 48-2,37.551998,127.153297,70,62,10,
1037,강동구,강일6단지,강일동 448-2,37.562588,127.177612,27,36,10,
1038,강동구,강일다솜어린이공원,강일동 333-2,37.568668,127.174797,25,26,10,
1039,강동구,고덕초등학교,고덕동 215,37.561279,127.167801,16,15,7,
1040,강동구,강일동에너지마루,고덕동 375,37.5672,127.16346,7,9,15,
1041,강동구,묘곡초등학교,고덕동 499-2,37.559196,127.153297,167,155,10,
1042,강동구,강일2.5단지사이,강일동 63-20,37.568562,127.177002,62,59,10,
1044,강동구,굽은다리역, 양재대로 1572,37.545399,127.142601,109,101,15,
1101,강서구,개화동상사마을종점버스정류장,강서구 개화동로5길 3-8,37.581612,126.798599,646,435,10,
1102,강서구,방화사거리마을버스버스정류장,강서구 양천로17길 6,37.573643,126.811806,3156,2890,10,
1103,강서구,방화역4번출구앞,강서구 금낭화로 135,37.577221,126.812195,1788,1602,10,
1105,강서구,방화근린공원,강서구 금낭화로 176,37.582447,126.812035,1066,965,10,
1106,강서구,신방화사거리,강서구 방화대로 342,37.573032,126.816452,1618,1436,10,
1108,강서구,공항시장역1번출구,강서구 방화동로 지하 30,37.56356,126.81015,1557,1560,8,
1109,강서구,공항시장역4번출구,강서구 방화동로 지하 30,37.563347,126.810486,1865,1854,6,
1110,강서구,공항중학교앞,강서구 방화대로 241,37.562683,126.816238,1273,1188,10,
1111,강서구,마곡엠밸리6_7단지마곡중학교,강서구 마곡중앙5로 58,37.566982,126.8218,5311,4745,15,
1112,강서구,마곡엠밸리4단지정문,강서구 마곡서로 175,37.568577,126.824776,3008,2797,15,
1113,강서구,서남환경공원버스정류장,강서구 양천로 201,37.573093,126.822899,2648,2312,15,
1114,강서구,서남물재생센터버스정류장,강서구 양천로 200,37.572781,126.826279,515,546,15,
1115,강서구,등촌역1번출구옆,강서구 공항대로59길 8,37.551666,126.86409,1938,1972,10,
1117,강서구,스타벅스앞,강서구 공항대로 329,37.558197,126.844261,3183,3152,10,
1118,강서구,증미역3번출구뒤(등촌두산위브센티움오피스텔),강서구 양천로 지하 560,37.557461,126.861458,7280,6266,10,
1119,강서구,염창동한마음아파트앞(염창동빛나는음악학원앞),강서구 양천로 637,37.554253,126.867561,4275,3578,6,
1120,강서구,대림경동아파트앞,강서구 허준로 121,37.565189,126.853996,8520,7258,10,
1121,강서구,가양레포츠센터앞,강서구 양천로61길 101,37.559479,126.86438,5726,5416,15,
1122,강서구,황금내근린공원,강서구 허준로 221-40,37.561932,126.863869,7594,6622,10,
1123,강서구,공암나루근린공원관리사무소옆,강서구 강서로80길 117,37.57048,126.849503,7674,6967,15,
1124,강서구,발산역6번출구옆(다이소앞),강서구 공항대로 280,37.557968,126.838287,10232,9842,10,
1125,강서구,명덕고교입구(영종빌딩),강서구 강서로 304,37.552914,126.836571,1882,1798,10,
1126,강서구,우장산역1번출구옆(우장산아이파크105동앞),강서구 강서로 지하 262,37.548908,126.836563,3153,3542,7,
1127,강서구,화곡역(에이스정형외과앞)버스정류장,강서구 화곡로 157,37.540981,126.838547,2397,2442,10,
1128,강서구,화곡역6번출구,강서구 화곡로 지하 168,37.541412,126.840225,1391,1506,10,
1129,강서구,화곡역1번출구앞,강서구 화곡로 지하 168,37.542099,126.840218,3397,3426,10,
1130,강서구,화곡본동시장버스정류장,강서구 화곡로 196,37.542751,126.842621,1332,1305,7,
1131,강서구,꿈돌이공원앞,강서구 화곡로 232,37.546444,126.845459,4449,3521,8,
1132,강서구,등촌역7번출구,강서구 공항대로 지하 529,37.551109,126.863708,5134,4916,10,
1135,강서구,강서구의회,강서구 등촌로 185,37.546532,126.862549,2510,2825,10,
1136,강서구,등촌2파출소,강서구 등촌로 167,37.544788,126.862,1162,1491,10,
1137,강서구,등촌2동주민센터,강서구 등촌로 143,37.541649,126.863365,1265,1517,10,
1139,강서구,용문사버스정류장,강서구 등촌로 95,37.537891,126.863396,3293,2949,8,
1140,강서구,목동사거리버스정류장,강서구 등촌로 19,37.531399,126.863609,1660,1553,15,
1141,강서구,곰달래문화복지센터1-1,강서구 강서로5길 50,37.52906,126.84848,3590,2467,10,
1145,강서구,곰달래문화복지센터1-2,강서구 강서로5길 50,37.528919,126.848083,1884,1653,10,
1146,강서구,곰달래사거리,강서구 곰달래로 51,37.530338,126.838257,3169,2317,10,
1148,강서구,볏골공원,강서구 까치산로4길 22,37.54147,126.84478,1406,1321,10,
1149,강서구,신방화역환승주차장,강서구 마곡서1로 111-12,37.567284,126.818275,1815,1834,13,
1150,강서구,송정역1번출구,강서구 공항대로3길 18,37.56155,126.810478,0,0,10,
1153,강서구,발산역2번출구,강서구 공항대로 281,37.55891,126.838097,0,0,10,
1155,강서구,기쁜우리복지관,강서구 가양동 1458-15 ,37.56926,126.848419,0,0,10,
1158,강서구,가양역8번출구,강서구 양천로 지하 485,0,0,0,0,10,
1159,강서구,서서울모터리움앞,강서구 양천로53길 30,37.565853,126.846596,0,0,20,
1160,강서구,양천향교역7번출구앞,강서구 양천로 지하 341,37.56768,126.840897,0,0,20,
1161,강서구,강서면허시험장앞,강서구 남부순환로 171,37.549694,126.819664,0,0,10,
1162,강서구,공항초등학교건너편,강서구 마곡서1로 68,37.562679,126.820473,0,0,10,
1163,강서구,방화동강서기동대앞,강서구 방화대로34길 65,37.570499,126.820084,0,0,10,
1166,강서구,강서구립등빛도서관,강서구 강서로62길 48,37.562569,126.842461,0,0,10,
1201,송파구,가락시장역3번출구,송파구 송파대로 지하 257,37.493179,127.118546,5003,4581,10,
1203,송파구,밀리아나2빌딩앞,송파구 송파대로28길 24,37.493729,127.120621,2251,2111,20,
1204,송파구,거여역3번출구,송파구 오금로 지하 499,37.493343,127.14473,1451,1396,10,
1205,송파구,종합운동장역4번출구,송파구 올림픽로 8,37.510429,127.071373,3851,4726,15,
1206,송파구,9호선종합운동장역9번출구,송파구 올림픽로 지하 23,37.51128,127.078239,5791,6459,20,
1207,송파구,마천CU우방점앞,송파구 성내천로 233,37.499756,127.152504,1921,1322,10,
1208,송파구,풍납현대아파트쉼터,송파구 풍성로14길 19,37.529675,127.119789,2965,2610,20,
1209,송파구,잠실나루역(2번출구쪽),송파구 오금로 20,37.520451,127.104202,9279,9957,20,
1210,송파구,롯데월드타워(잠실역2번출구쪽),송파구 올림픽로 293-19,37.513126,127.10096,13829,14975,30,
1211,송파구,방이삼거리,송파구 석촌호수로 298,37.512104,127.10778,6071,5862,7,
1212,송파구,송파역2번출구앞,송파구 송파대로 지하 354,37.499413,127.112869,4140,3611,10,
1213,송파구,백토공원앞,송파구 양재대로72길 47-8,37.50766,127.132736,2966,3013,20,
1214,송파구,오금역7번출구인근,송파구 오금로 지하 321,37.502594,127.127647,2755,3152,10,
1215,송파구,올림픽공원역1번출구앞,송파구 양재대로 지하 1233,37.516571,127.131538,10048,9618,15,
1217,송파구,송파파인타운7단지,송파구 충민로4길 19,37.479271,127.129578,3094,2883,15,
1218,송파구,방이역4번출구,송파구 양재대로 지하 1127,37.508968,127.125839,3442,3227,12,
1220,송파구,잠실본동주민센터뒤잠실근린공원,송파구 백제고분로15길 7,37.505692,127.084038,5505,4827,15,
1221,송파구,삼전사거리포스코더샵,송파구 백제고분로 188,37.5042,127.087532,4837,3922,10,
1222,송파구,잠실새내역5번출구뒤,송파구 백제고분로 95,37.511982,127.085052,7052,6581,15,
1224,송파구,아시아지하보도2번출구,송파구 올림픽로 74,37.512169,127.078934,6061,5920,15,
1226,송파구,잠실4동주민센터옆,송파구 올림픽로35길 16,37.520077,127.112366,5721,5189,10,
1227,송파구,거여역8번출구뒤,송파구 오금로 지하 499,37.493126,127.143822,1532,1320,10,
1228,송파구,마천사거리,송파구 거마로 51,37.4977,127.146202,1731,1416,10,
1229,송파구,송파체육문화회관앞,송파구 양산로 15,37.490688,127.143127,958,929,15,
1230,송파구,송파중학교정문,송파구 동남로 203,37.49567,127.130592,2057,2113,10,
1231,송파구,잠실역6번출구,송파구 석촌호수로12길 3-5,37.514088,127.09903,6869,7027,10,
1232,송파구,롯데마트주차장옆,송파구 석촌호수로12길 3-19,37.512089,127.096191,6971,7069,10,
1233,송파구,잠실3거리(갤러리아팰리스),송파구 석촌호수로12길 3-17,37.510509,127.093369,3904,4151,9,
1235,송파구,잠실트리지움310동옆,송파구 잠실로 62,37.508339,127.088142,5415,4841,15,
1239,송파구,문정법조단지3,송파구 정의로 30,37.480843,127.118011,743,738,20,
1240,송파구,문정법조단지4,송파구 새말로 62,37.480576,127.118568,1466,1447,10,
1241,송파구,문정법조단지5,송파구 새말로 62,37.481239,127.119797,951,1044,15,
1242,송파구,문정법조단지6,송파구 법원로 101,37.48209,127.119743,738,604,15,
1243,송파구,문정법조단지7,송파구 법원로 101,37.484531,127.120163,2355,2509,20,
1244,송파구,문정법조단지8,송파구 법원로 101,37.481537,127.122124,3459,3433,7,
1245,송파구,문정법조단지9,송파구 법원로 101,37.479465,127.125328,3233,3356,10,
1246,송파구,문정법조단지10,송파구 송파대로 지하 82,37.477509,127.126328,1782,2217,30,
1247,송파구,문정법조단지11,송파구 법원로 101,37.478821,127.123512,1782,1929,15,
1248,송파구,방이초등학교,송파구 위례성대로 114,37.513962,127.121674,4122,4412,20,
1249,송파구,아주중학교건너편,송파구 도곡로 446,37.505463,127.077347,2302,1999,10,
1250,송파구,문정2동주민센터,송파구 중대로 16,37.490047,127.110748,198,175,10,
1251,송파구,석촌역2번출구,송파구 송파동 68 ,37.505932,127.10775,36,36,10,
1253,송파구,오금역3번출구뒤, 송파구 가락동 10-15 ,37.501652,127.128181,48,95,10,
1256,송파구,문정현대아파트교차로,송파구 문정동 3-2 ,37.491131,127.125809,105,172,8,
1257,송파구,가락시장역롯데마트앞,송파구 가락동 214-15 ,37.4921,127.117752,134,122,20,
1258,송파구,가락미륭아파트앞,서울 송파구 가락동 195-4,37.493198,127.128998,84,151,10,
1259,송파구,방이역1번출구,송파구 오금동 17-20,37.508984,127.126595,188,163,15,
1260,송파구,방이동한양3차아파트옆,송파구 방이동 225-1,37.506302,127.121399,0,0,8,
1262,송파구,송파여성문화회관앞,송파구 송파동 2-3 ,37.505802,127.109718,197,165,10,
1263,송파구,장지공영차고지,송파구 장지동 861-6,37.480541,127.137016,36,39,10,
1264,송파구,천호역10번출구앞,송파구 풍납동 490-16,37.538582,127.122803,122,125,8,
1265,송파구,문정동근린공원,송파구 문정동 38-3,37.486149,127.124802,135,131,10,
1267,송파구,올림픽공원남2문앞,송파구 올림픽로 424,37.51424,127.12307,166,153,15,
1269,송파구,리센츠아파트,송파구 올림픽로 135,37.511944,127.091217,173,169,10,
1271,송파구,송파도서관,송파구 동남로 263,37.499985,127.135391,123,133,15,
1274,송파구,영파여고앞,송파구 올림픽로 565,37.532848,127.121048,70,74,20,
1275,송파구,거여초등학교옆,송파구 마천로25길 18,37.504589,127.139366,0,0,15,
1277,송파구,오금동송파참병원,송파구 마천로 164,37.503757,127.137093,0,0,8,
1279,송파구,마천금호어울림1차아파트건너편,송파구 성내천로39길 4,37.497517,127.154678,0,0,10,
1302,성북구,한성대입구역6번출구뒤,성북구 동소문로 1,37.588764,127.00631,2070,2098,5,
1303,성북구,돈암초교입구,성북구 동소문로13길 38,37.591694,127.012497,6450,5894,10,
1304,성북구,만해공원,성북구 성북로 132-1,37.594402,126.99231,416,997,15,
1305,성북구,성북구청,성북구 보문로 168,37.589329,127.016434,8185,6773,10,
1306,성북구,한성대입구역2번출구,성북구 동소문로 2,37.588448,127.006706,5525,5488,10,
1308,성북구,안암로터리버스정류장앞,성북구 안암로 69,37.582592,127.028976,13085,11984,10,
1313,성북구,정릉현대힐스테이트1차후문,성북구 정릉로27가길 28-2,37.603249,127.014648,3384,2760,10,
1314,성북구,정릉꿈에그린1단지201동앞,성북구 아리랑로19길 20,37.60244,127.011688,1589,1418,10,
1316,성북구,고려사대부속중고건너편,성북구 보국문로29길 23,37.607262,127.002838,1067,1986,20,
1317,성북구,정릉동교통광장,성북구 솔샘로17길 8,37.612774,127.006531,455,515,10,
1318,성북구,길음역3번출구뒤,성북구 동소문로 248,37.603085,127.024788,2958,2573,10,
1319,성북구,종암사거리분수대,성북구 종암로 147,37.603043,127.033272,6469,5598,10,
1320,성북구,종암농협지점앞,성북구 종암로 88,37.59827,127.035027,2301,1874,10,
1321,성북구,국민은행종암동지점앞,성북구 종암로3길 37-2,37.593288,127.036667,3681,3583,15,
1322,성북구,래미안라센트아파트103동앞,성북구 종암로3길 37-2,37.598068,127.039276,2079,2150,10,
1323,성북구,월곡역입구육교밑,성북구 월곡로 지하 107,37.600433,127.040207,3594,3018,10,
1325,성북구,상월곡역4번출구,성북구 화랑로 148,37.605808,127.047737,1111,1310,10,
1326,성북구,상월곡역1번출구,성북구 화랑로 지하 157,37.606068,127.047318,1450,1542,10,
1327,성북구,상월곡역3번출구,성북구 화랑로 지하 157,37.607342,127.050682,1404,1392,10,
1328,성북구,월곡역3번출구,성북구 월곡로 지하 107,37.602627,127.041634,2968,2624,10,
1332,성북구,석계역5번출구건너편,노원구 화랑로 지하 347-1,37.613556,127.066093,2573,2315,10,
1333,성북구,석관초등학교앞,성북구 돌곶이로22길 21,37.610523,127.059799,2634,2344,15,
1334,성북구,석관동주민센터앞,성북구 화랑로 296,37.612999,127.06131,868,934,10,
1336,성북구,성북3교위,성북구 보문로 192,37.591251,127.014008,143,153,20,
1337,성북구,돈암성당옆,성북구 인촌로7길 120,37.590382,127.017136,196,186,10,
1338,성북구,용문2교옆,성북구 인촌로7길 24,37.586899,127.020752,131,117,15,
1339,성북구,삼성전자서비스성북센터,성북구 월계로 28,37.610569,127.033508,55,57,9,
1340,성북구,광운초등학교앞,성북구 한천로 693,37.61956,127.053802,40,56,8,
1342,성북구,성북쉼터앞,성북구 성북로21길 32,37.592617,126.997932,19,44,15,
1343,성북구,한성대7번출구앞,성북구 동소문로 11,37.589249,127.007378,63,129,10,
1344,성북구,아리랑시네센터앞,성북구 아리랑로 82,37.600288,127.013702,63,100,10,
1346,성북구,길음8골어린이공원옆,성북구 길음로13길 22,37.608978,127.020248,75,119,15,
1347,성북구,길음래미안아파트817동상가앞,성북구 길음로 33,37.607105,127.0215,32,36,20,
1348,성북구,성북제일새마을금고본점앞,성북구 길음로 20,37.604752,127.022758,53,62,12,
1349,성북구,월계2교버스정류장앞,성북구 한천로101길 18,37.623829,127.050201,15,17,10,
1351,성북구,SK제삼주유소앞,성북구 안암로 17,37.579449,127.024193,116,109,8,
1352,성북구,e편한세상보문아파트내,성북구 낙산길 255,37.583881,127.017097,35,54,8,
1353,성북구,금호어울림센터힐내,성북구 동소문로34길 73,37.60083,127.023552,16,26,8,
1357,성북구,북한산보국문역,성북구 보국문로 91,37.612072,127.008133,0,0,20,
1358,성북구,정릉도서관앞,성북구 보국문로 7-10,37.60479,127.010582,0,0,10,
1359,성북구,장위뉴타운꿈에숲코오롱하늘채앞,성북구 월계로 172,37.619801,127.045097,0,0,20,
1401,중랑구,극동늘푸른아파트,중랑구 동일로 941,37.614738,127.076363,5053,4062,15,
1402,중랑구,금란주차장앞,중랑구 망우로 448,37.600071,127.102333,2357,2196,10,
1403,중랑구,중화빌딩앞(동부시장),중랑구 망우로 211,37.59425,127.076576,7692,7000,15,
1404,중랑구,동일로지하차도,중랑구 망우로 233,37.595299,127.080032,2444,2532,10,
1405,중랑구,망우역1번출구,중랑구 망우로55길 11-10,37.599098,127.092949,7489,6346,10,
1406,중랑구,망우청소년수련관,중랑구 송림길 156,37.606251,127.108269,748,845,10,
1407,중랑구,먹골역1번출구뒤,중랑구 공릉로 12,37.611511,127.077888,1955,1706,10,
1408,중랑구,먹골역6번출구앞,중랑구 동일로 지하 901,37.610722,127.077477,2691,2295,10,
1410,중랑구,면목대원칸타빌아파트,중랑구 용마산로 285,37.577782,127.090187,1136,1570,10,
1411,중랑구,상봉시장앞교차로한성빌딩앞,중랑구 면목로 456,37.592541,127.086739,1026,1098,10,
1412,중랑구,면목초등학교,중랑구 면목로 434,37.590961,127.087067,3438,2652,10,
1413,중랑구,봉화산역5번출구뒤,중랑구 신내로 지하 232,37.617561,127.090309,2680,2381,10,
1414,중랑구,사가정역1번출구,중랑구 사가정로 지하 393,37.581646,127.088432,2710,2295,10,
1416,중랑구,상봉역3번출구,중랑구 면목로 480,37.595219,127.085999,2616,2587,10,
1418,중랑구,새솔초등학교,중랑구 신내역로1길 164,37.617989,127.110542,962,1064,15,
1420,중랑구,신내어울공원앞,중랑구 신내로16길 17,37.614231,127.096764,1723,1626,15,
1421,중랑구,신내역4번출구,중랑구 신내로 지하 232,37.612461,127.103378,762,663,20,
1422,중랑구,신내우디안아파트1단지,중랑구 신내역로 213,37.620098,127.106461,399,690,10,
1424,중랑구,양원역2번출구,중랑구 송림길 147,37.606312,127.107742,365,439,10,
1425,중랑구,용마문화복지센터,중랑구 용마산로86길 9-27,37.58746,127.09597,1984,2220,10,
1426,중랑구,면목도시개발아파트1동앞,중랑구 용마산로 지하 227,37.573589,127.086823,741,1307,15,
1427,중랑구,용마산역1번출구,중랑구 용마산로 지하 227,37.574299,127.086914,662,758,10,
1428,중랑구,원묵고등학교,중랑구 숙선옹주로 66,37.616024,127.085968,1338,1818,10,
1429,중랑구,장안중학교,중랑구 동일로 778,37.599957,127.080002,2026,1698,15,
1430,중랑구,중랑구청,중랑구 봉화산로 179,37.606152,127.092598,1660,1891,20,
1431,중랑구,중랑구청사거리,중랑구 봉화산로 194,37.606499,127.095451,2778,2695,10,
1433,중랑구,중화역2번출구,중랑구 동일로 지하 797,37.602077,127.079582,3456,2854,10,
1434,중랑구,홈플러스면목동점,중랑구 사가정로 332,37.579868,127.082367,2803,2283,15,
1435,중랑구,능산삼거리,중랑구 용마산로 644,37.608681,127.100792,756,718,15,
1436,중랑구,영풍마드레빌,중랑구 용마산로129가길 41,37.605881,127.100632,878,804,15,
1437,중랑구,늘푸른공원앞,중랑구 동일로 594,37.58342,127.079926,2113,1668,15,
1438,중랑구,홈플러스신내점앞,중랑구 신내로 지하 232,37.616169,127.093483,4036,3746,15,
1440,중랑구,하나은행면목지점,중랑구 동일로 628,37.586372,127.08007,1940,1657,10,
1441,중랑구,신내능말공원,중랑구 용마산로136길 33,37.616711,127.110733,1242,1825,15,
1442,중랑구,(구)신한은행중랑교지점,중화동 50-8,37.598591,127.079819,75,64,8,
1443,중랑구,구립망우청소년독서실,중랑구 망우동 534-23 ,37.59552,127.098778,75,69,10,
1445,중랑구,용마지구대,면목동 197-5,37.579941,127.079399,10,8,10,
1446,중랑구,중랑전화국교차로,중랑구 면목동 282-8,37.591301,127.08033,114,112,10,
1447,중랑구,면목역3번출구,면목동 120-2,37.588902,127.08728,42,37,15,
1448,중랑구,코스트코상봉점,상봉동 160-3,37.597321,127.089798,189,195,15,
1449,중랑구,상봉역1번출구,중랑구 망우로 297,37.596558,127.085838,0,0,15,
1450,중랑구,화랑대역7번출구,노원구 화랑로 지하 510,37.619625,127.085014,0,0,10,
1451,중랑구,중랑세무서,중랑구 망우로 176,37.592758,127.07267,0,0,10,
1455,중랑구,상봉역2번출구,중랑구 망우로 297,37.596329,127.085899,0,0,10,
1456,중랑구,상아빌딩(우림시장교차로),중랑구 용마산로 494,37.595112,127.100327,0,0,10,
1501,강북구,미아역3번4번출구사이,강북구 도봉로 196,37.62608,127.026482,1958,1879,9,
1503,강북구,이디야커피수유역점앞,강북구 도봉로 355,37.639278,127.026756,5627,5684,12,
1504,강북구,다이소삼양시장점,강북구 삼양로 234,37.624157,127.018623,1992,2115,10,
1506,강북구,강북문화예술회관,강북구 삼각산로 85,37.640327,127.013359,2533,2293,20,
1509,강북구,서울북부수도사업소,강북구 한천로 935,37.634377,127.035751,1167,935,10,
1510,강북구,번동주공5단지관리사무소앞,강북구 오현로25마길 27,37.633717,127.035515,380,358,10,
1511,강북구,번동금호어울림아파트102동앞,강북구 오현로31길 85-7,37.631123,127.036034,730,571,9,
1512,강북구,강북중학교앞,강북구 한천로150길 67,37.644737,127.026566,2396,2080,20,
1513,강북구,강북구청뒷편,강북구 도봉로89길 13,37.639648,127.025124,147,326,20,
1514,강북구,강북구청사거리버스정류소앞,강북구 한천로 1009,37.638805,127.028358,2409,2380,10,
1515,강북구,송천동주민센터,강북구 솔샘로 284,37.618286,127.024048,2667,2251,10,
1516,강북구,우이초등학교후문옆,강북구 삼양로99길 33,37.638706,127.015907,694,724,10,
1518,강북구,SKtelecom(수유직영점)앞,강북구 삼양로 439,37.643085,127.016167,1459,1382,10,
1519,강북구,세븐일레븐수유장미원점앞,강북구 삼양로 474,37.645451,127.015617,1792,1696,10,
1520,강북구,성실교회,강북구 노해로 50,37.639862,127.022789,1416,1410,10,
1522,강북구,월드전기조명인테리어(우이동),도봉구 삼양로 574,37.654472,127.012756,1866,1779,10,
1525,강북구,미아동복합청사,강북구 솔매로49길 14,37.62714,127.026695,1526,1622,10,
1526,강북구,수유동채선당앞,강북구 수유동 140,37.641739,127.024628,7,22,8,
1527,강북구,미아역1번출구뒤,강북구 미아동 194-1,37.627335,127.026054,101,101,10,
1528,강북구,삼각산동주민센터,미아동 813-8,37.615036,127.020699,36,48,10,
1529,강북구,미아동한국전력공사,미아동 194-1,37.63018,127.02491,251,252,15,
1530,강북구,광산사거리,강북구 노해로 87 ,37.643551,127.022346,203,136,10,
1531,강북구,미아사거리1번출구,강북구 미아동 66-1,37.613956,127.030251,376,331,10,
1532,강북구,번3동주민센터교차로,강북구 번동 2-2,37.626354,127.047447,84,114,10,
1533,강북구,번동주공34단지교차로,강북구 번동 254,37.629917,127.040916,54,52,10,
1534,강북구,북서울꿈의숲동문,강북구 번동 105,37.619637,127.044533,144,130,20,
1535,강북구,효성인텔리안앞,수유동 230-7,37.636292,127.023376,188,248,10,
1536,강북구,번동두산위브101동옆,번동 386-17,37.636261,127.032173,115,109,20,
1538,강북구,솔밭공원역,강북구 삼양로 595,37.656158,127.013138,0,0,8,
1539,강북구,4.19민주묘지역,강북구 삼양로 519,37.649673,127.013451,0,0,10,
1541,강북구,삼양역,강북구 삼양로 263,37.62653,127.018059,0,0,10,
1601,노원구,석계역문화광장내자전거보관소,노원구 화랑로 331,37.615299,127.064468,6937,6936,20,
1602,노원구,광운대역앞,노원구 석계로 98-2,37.622662,127.061897,2314,2428,15,
1603,노원구,롯데캐슬102동코너(월계주유소건너),노원구 월계로 252,37.624859,127.05014,5115,4315,10,
1605,노원구,헬스케어,노원구 월계로 378,37.631622,127.061615,2119,1812,10,
1606,노원구,태릉입구역3번출구,노원구 동일로 지하 992-1,37.619171,127.074928,6557,6462,10,
1608,노원구,공릉역1번출구앞,노원구 동일로 지하 1074,37.626614,127.072754,4000,3937,10,
1610,노원구,화랑대역2번출구앞,노원구 화랑로 지하 510,37.620369,127.083641,7717,7578,20,
1611,노원구,과기대입구(우),노원구 공릉로 232,37.62994,127.076553,7864,7982,20,
1616,노원구,하계2동공항버스정류장옆,노원구 동일로 지하 1196,37.635109,127.068329,5946,5603,10,
1617,노원구,하계동중평어린이공원앞,노원구 섬밭로 241,37.63715,127.063271,1794,1453,20,
1619,노원구,중계동하나프라자빌딩앞(중1-1),노원구 한글비석로 235,37.649021,127.076408,1838,1967,10,
1620,노원구,중계동노원구민체육센터옆(중1-2),노원구 노원로22길 1,37.648209,127.070221,1922,1913,10,
1623,노원구,노원구민회관,노원구 동일로 1229,37.638649,127.066292,6039,5990,20,
1625,노원구,상계역(4번출구),노원구 상계로 182,37.66,127.072968,3321,3362,20,
1627,노원구,수락산역4번출구,노원구 동일로 지하 1662,37.676941,127.055099,871,916,14,
1628,노원구,노일초등학교앞,노원구 동일로 1652,37.673618,127.055252,1261,1130,10,
1630,노원구,수연빌딩앞,노원구 동일로 지하 1662,37.67625,127.055504,539,587,10,
1634,노원구,당고개공원대여소,노원구 상계로 283,37.669079,127.077591,1192,1250,15,
1635,노원구,상계3.4동주민센터대여소,노원구 덕릉로131길 8,37.67271,127.08316,428,630,11,
1636,노원구,백병원사거리농협은행앞,노원구 동일로 1351,37.649212,127.061768,5887,6090,10,
1637,노원구,KT노원점건물앞,노원구 노해로 489,37.654701,127.0634,9833,10205,15,
1639,노원구,희성오피앙,노원구 동일로 1701,37.680313,127.055069,1085,945,10,
1640,노원구,한내근린공원북측,노원구 마들로 86,37.623863,127.068489,1236,1068,10,
1641,노원구,한내근린공원남측,노원구 마들로 86,37.621555,127.069511,827,839,15,
1642,노원구,서울여대남문,노원구 화랑로51길 38,37.625435,127.088493,1892,2281,7,
1643,노원구,태릉입구역8번출구,노원구 공릉동 687-6,37.617367,127.075211,77,87,10,
1646,노원구,삼육대입구,노원구 공릉동 26-43,37.638489,127.107903,9,14,20,
1650,노원구,중계근린공원내,노원구 중계동 506-3,37.63958,127.065102,161,147,20,
1651,노원구,맥도날드상계점앞,노원구 상계동 1118-9,37.672375,127.055992,30,23,20,
1652,노원구,파르코앞,노원구 상계동 1263,37.68,127.05558,5,3,10,
1654,노원구,당고개입구오거리,노원구 상계동 172-2,37.663792,127.075447,9,11,15,
1655,노원구,공릉1단지아파트,동일로 1127,37.631111,127.07016,167,131,15,
1656,노원구,중앙하이츠아파트입구,노원구 노원로 428,37.654999,127.067436,71,96,10,
1657,노원구,노원구청,노원구 노해로 437 ,37.654049,127.057327,53,44,10,
1659,노원구,중계동을지중학교,노원구 중계동 370,37.65033,127.071602,36,50,10,
1660,노원구,서울시립과학관,노원구 하계동 266,37.642071,127.076622,26,35,8,
1661,노원구,당현천근린공원,노원구 동일로 1342,37.649639,127.065605,0,0,10,
1663,노원구,동해문화예술관앞,노원구 화랑로 429,37.619381,127.057854,0,0,20,
1664,노원구,노해근린공원내,노원구 노원로22길 1,37.649361,127.070442,0,0,10,
1666,노원구,노원소방서인근,노원구 노원로26길 111,37.655781,127.071777,0,0,10,
1667,노원구,중계중학교,노원구 덕릉로76길 23,37.654499,127.074387,0,0,10,
1669,노원구,중계역3번출구,노원구 동일로 지하 1308-1,37.643757,127.064987,0,0,10,
1671,노원구,인덕대학교,노원구 초안산로 12,37.629349,127.054825,0,0,15,
1674,노원구,서울북부고용센터앞,노원구 노해로 450,37.653549,127.058083,0,0,15,
1677,노원구,육군사관학교앞,노원구 화랑로 570,37.623165,127.0905,0,0,10,
1681,노원구,현대6차아파트,노원구 중계로8길 20,37.645802,127.08226,0,0,12,
1682,노원구,중계종합사회복지관교차로,노원구 덕릉로 662,37.656799,127.077606,0,0,13,
1702,도봉구,녹천역1번출구앞,도봉구 덕릉로 376,37.646172,127.05056,2081,1917,10,
1703,도봉구,도봉산광역환승센터앞,도봉구 도봉로 955,37.68972,127.045197,1108,1024,15,
1705,도봉구,도봉구청정문앞,도봉구 마들로 656,37.669224,127.046516,3236,2864,15,
1706,도봉구,기업은행앞,도봉구 도봉로 683,37.665665,127.042671,1942,1594,10,
1707,도봉구,도봉구민회관,도봉구 도봉로 552,37.654461,127.038513,2472,2375,15,
1708,도봉구,보건소사거리(다비치안경창동점),도봉구 해등로 150,37.65683,127.039848,2009,1907,8,
1709,도봉구,쌍문역4번출구주변,도봉구 도봉로 지하 486-1,37.650127,127.035347,3435,3750,15,
1712,도봉구,창동역공영주차장앞,도봉구 마들로11길 74,37.654049,127.050201,4143,4197,15,
1713,도봉구,쌍문동청소년랜드, 도봉구 노해로140,37.647266,127.025879,0,0,10,
1714,도봉구,도봉문화정보도서관삼거리,도봉구 덕릉로 315,37.64463,127.044609,12,14,10,
1715,도봉구,서울특별시교육청도봉도서관,도봉구 삼양로556,37.653179,127.012787,55,63,20,
1716,도봉구,하나로마트창동점,도봉구 마들로11길 20,37.654202,127.050728,63,42,10,
1717,도봉구,시립창동운동장입구,도봉구 창동 1-24,37.655708,127.050102,42,37,15,
1719,도봉구,신도봉사거리버스정류장, 도봉구 도봉로 771,37.673283,127.043991,15,6,10,
1720,도봉구,도봉구청옆(중랑천변),도봉구 마들로 656,37.668671,127.047981,37,42,20,
1721,도봉구,창동역2번출구,창동 74-2 ,37.653015,127.046997,15,23,12,
1722,도봉구,창동청소년수련관,도봉구 노해로69길 132,37.657799,127.050049,0,0,15,
1723,도봉구,방학동학마을도서관,도봉구 시루봉로 128,37.662079,127.027718,0,0,10,
1727,도봉구,서울도봉초등학교인근,도봉구 도봉로173길 96,37.678677,127.040764,0,0,15,
1802,금천구,가산디지털단지역5번출구,금천구 벚꽃로 309,37.479591,126.882202,1788,2079,20,
1804,금천구,독산역2번출구자전거주차장,금천구 벚꽃로 115,37.46653,126.888718,1236,1200,10,
1805,금천구,서울디지털운동장앞,금천구 가산디지털2로 151,37.482288,126.877769,896,1276,10,
1806,금천구,에이스하이엔드타워9차앞,금천구 가산디지털1로 233,37.486214,126.878639,378,499,10,
1808,금천구,에이스하이엔드타워8차앞,금천구 가산디지털1로 84,37.473209,126.884941,1589,1752,20,
1809,금천구,LG전자별관동(호서대벤처타워맞은편),금천구 가산디지털1로 63,37.470779,126.885155,1071,1312,10,
1812,금천구,갑을그레이트밸리앞,금천구 디지털로9길 32,37.479031,126.887299,1026,1005,10,
1814,금천구,두산위브아파트옆상가건물앞,금천구 가산로 99,37.47422,126.894127,1975,1898,8,
1816,금천구,금천폭포공원앞,금천구 시흥대로38길 61,37.446861,126.903831,576,772,20,
1819,금천구,금천구청앞자전거거치대,금천구 시흥대로73길 70,37.456478,126.895927,1031,993,10,
1820,금천구,신한은행시흥대로금융센터지점,금천구 시흥대로 446,37.44334,126.903358,929,697,10,
1821,금천구,홈플러스시흥점맞은편다비치안경앞,금천구 시흥대로 198,37.451458,126.902115,805,714,10,
1822,금천구,서울시흥동우체국앞,금천구 시흥대로 217,37.452991,126.900909,1366,1065,10,
1823,금천구,상신정비공업앞,금천구 시흥대로 287,37.458912,126.89859,922,1090,20,
1824,금천구,독산근린공원입구,금천구 독산동 ,37.46455,126.883728,2274,2212,15,
1825,금천구,한신아파트앞육교아래,금천구 금하로1길 70,37.4547,126.891052,941,732,10,
1826,금천구,한신코아앞,금천구 한내로 62,37.456841,126.888344,1584,1218,20,
1827,금천구,독산보도육교앞자전거보관소,금천구 서부샛길 70,37.455849,126.893143,3248,3125,20,
1828,금천구,한양수자인아파트앞,금천구 시흥대로150길 6,37.475319,126.898888,727,1159,10,
1829,금천구,홈플러스금천점앞,금천구 시흥대로 391,37.469139,126.897202,1556,1509,10,
1830,금천구,빅마켓금천점앞,금천구 두산로 71,37.47023,126.895073,2098,2026,15,
1831,금천구,메이퀸웨딩컨벤션앞,금천구 시흥대로 435,37.4725,126.897957,853,959,10,
1833,금천구,독산역1번출구앞자전거보관소,금천구 벚꽃로 115,37.466541,126.890282,1393,1232,10,
1834,금천구,월드메르디앙벤처센터2차,금천구 가산디지털2로 123,37.479084,126.879044,3055,2797,10,
1835,금천구,STXV타워,금천구 가산디지털1로 128,37.47707,126.88443,1853,2036,10,
1836,금천구,금천구립독산도서관,금천구 독산로54길 114,37.467403,126.908142,238,283,7,
1839,금천구,수출의다리아래,가산동 60-35,37.47736,126.885223,0,0,20,
1840,금천구,솔브레인이엔지뒤편,가산동 219-18,37.475101,126.888069,31,28,20,
1841,금천구,가산동주민센터,가산동 144-3,37.476952,126.891869,40,48,10,
1842,금천구,한울중학교,시흥동 1000-3,37.462574,126.90686,19,23,15,
1843,금천구,독산고등학교,독산동 906-42,37.477097,126.911133,35,35,10,
1845,금천구,롯데캐슬골드파크1차서문,금천구 벚꽃로40 ,37.460289,126.892189,39,29,15,
1846,금천구,롯데캐슬골드파크1차동문,금천구 독산동 441-19 ,37.460171,126.896042,0,0,15,
1847,금천구,독산주공14단지버스정류소,금천구 안양천로,37.461033,126.8871,0,0,10,
1848,금천구,벽산디지털밸리5차,금천구 가산동 60-73 ,37.476276,126.885391,0,0,10,
1849,금천구,대륭포스트타워5차,금천구 디지털로9길 68,37.481354,126.88694,0,0,10,
1850,금천구,코오롱테크노밸리,금천구 디지털로9길 56,37.48016,126.886368,0,0,10,
1851,금천구,가산디지털단지7번출구,금천구 벚꽃로 309,37.481255,126.881142,0,0,10,
1901,구로구,신도림동주민센터앞,구로구 신도림로 40,37.507332,126.87973,3867,3727,10,
1904,구로구,도림천역1번출구앞,구로구 경인로67길 160,37.51424,126.882874,4471,4528,10,
1906,구로구,신도림역1번출구앞,구로구 경인로 688,37.50972,126.890099,15225,15354,20,
1907,구로구,구일우성(아)육교밑,구로구 구일로2길 59,37.489632,126.876259,1904,1911,12,
1908,구로구,해원리바파크육교밑,구로구 구일로 110,37.495285,126.872162,5763,5109,10,
1910,구로구,낙원교회맞은편,구로구 구로동로42길 43,37.497505,126.884377,231,222,5,
1911,구로구,구로디지털단지역앞,구로구 시흥대로 577-2,37.48494,126.901321,8137,7599,10,
1912,구로구,한신휴아파트앞,구로구 디지털로31길 120,37.4888,126.890663,2495,2566,10,
1913,구로구,구로리공원,구로구 구로중앙로 13,37.491032,126.892151,1578,1751,10,
1914,구로구,대림역4번출구,구로구 도림천로 351,37.494591,126.893921,2937,3254,10,
1916,구로구,구로중학교앞,구로구 구로중앙로 48,37.494141,126.889984,1196,1281,10,
1920,구로구,서울미래초등학교사거리,구로구 새말로 73,37.504379,126.888298,3239,3368,10,
1924,구로구,삼부르네상스파크빌,구로구 남부순환로 1299,37.478741,126.895096,641,974,10,
1925,구로구,동양미래대학교정문옆,구로구 경인로 445,37.499889,126.867699,5036,4956,20,
1928,구로구,고척스카이돔구장광장,구로구 경인로 430,37.49947,126.868401,4225,4140,10,
1929,구로구,고척근린공원고척도서관앞,구로구 고척로45길 31,37.505135,126.85276,1682,1844,10,
1930,구로구,개봉지구대개봉치안센터,구로구 경인로 293,37.497684,126.853729,1124,1039,7,
1931,구로구,개봉역(북측광장),구로구 경인로40길 47,37.494995,126.858253,2371,2066,10,
1933,구로구,개봉푸르지오아파트상가,구로구 남부순환로 775,37.501583,126.84687,3449,2445,10,
1936,구로구,개봉역1번출구자전거보관서쪽,구로구 경인로40길 47,37.494282,126.859215,955,774,10,
1937,구로구,한진아파트입구,구로구 개봉로3길 87,37.486061,126.852013,1628,1449,15,
1940,구로구,예성라온팰리스앞,구로구 오류로8바길 34,37.497551,126.847252,2049,1712,10,
1941,구로구,오류동역2번출구,구로구 서해안로 2340-10,37.493938,126.844055,650,483,10,
1943,구로구,온수역북측,구로구 경인로3길 지하 64,37.49279,126.824524,867,636,10,
1946,구로구,구로역광장,구로구 구로중앙로 174,37.503117,126.880386,2566,2913,10,
1951,구로구,천왕이펜하우스4단지상가앞,구로구 천왕로 9,37.480289,126.8395,1349,1300,20,
1952,구로구,천왕연지타운2단지앞,구로구 오리로 1102-10,37.482105,126.845726,1326,1251,15,
1953,구로구,천왕역4번출구뒤,구로구 오리로 지하 1154,37.486385,126.839211,1706,1675,20,
1955,구로구,디지털입구교차로,구로구 시흥대로 551,37.482883,126.901039,964,1016,10,
1956,구로구,도야미리숫불갈비앞,구로구 신도림로 67,37.51001,126.88205,12,18,10,
1957,구로구,구일고등학교정문,구로구 구일로 90-51,37.493401,126.874329,59,53,15,
1958,구로구,강서수도사업소민원센터,구로구 가마산로 272,37.495781,126.890121,64,63,10,
1960,구로구,화광신문사앞,구로구 공원로 68,37.50285,126.889481,48,57,10,
1961,구로구,신도림테크노근린공원,구로구 새말로 121-15,37.508194,126.891304,58,77,15,
1962,구로구,가리봉동주민센터,구로구 디지털로26길 5,37.481602,126.892799,82,84,10,
1963,구로구,디지털단지오거리,금천구 가산로 157,37.479317,126.890121,39,30,10,
1964,구로구,원메디타운앞,구로구 경인로 403,37.49789,126.864502,0,0,10,
1965,구로구,삼환로즈빌아파트105동옆,구로구 경인로 343,37.497231,126.859192,1,1,15,
1966,구로구,한마을아파트정문상가,구로구 경인로 382,37.496498,126.863098,0,0,10,
1967,구로구,참새공원(백곡경노당),구로구 고척로21길 85,37.505138,126.844337,0,0,10,
1968,구로구,동인오피스텔건너편소공원,구로구 고척로22길 64,37.498482,126.847504,0,0,7,
1969,구로구,궁동생태공원,구로구 오리로 1352,37.501904,126.828964,0,0,10,
1971,구로구,오정초교앞보도육교,구로구 경인로2길 10,37.490723,126.826393,0,0,10,
1973,구로구,오리로와서해안도로교차로앞,구로구 오리로 1181,37.488598,126.836494,0,0,15,
1975,구로구,대림역1번출입구밑,구로구 도림천로 351,37.49258,126.894737,52,44,10,
1976,구로구,남구로역5번출입구앞,구로구 도림로 지하 7,37.48568,126.886703,31,38,10,
1979,구로구,구로1동우체국앞,구로구 구일로 64,37.492031,126.873772,19,24,10,
1981,구로구,천왕이펜하우스5단지앞,구로구 천왕로 10,37.479431,126.842697,0,0,10,
1983,구로구,구로동롯데아파트,구로구 새말로 31,37.502548,126.883881,0,0,10,
1984,구로구,구로구청,구로구 가마산로 245,37.495266,126.888474,0,0,10,
1985,구로구,구로도서관,구로구 공원로 15,37.498516,126.891991,0,0,20,
2002,동작구,노들역1번출구,동작구 노량진로 지하 238,37.512959,126.952072,10996,9680,10,
2003,동작구,사육신공원앞,동작구 노량진로 191,37.513359,126.948059,5329,5063,10,
2007,동작구,유한양행앞,동작구 노량진로 74,37.512939,126.934242,5693,6222,20,
2008,동작구,노량진근린공원대방공원,동작구 여의대방로44길 20,37.509369,126.92807,1642,2066,10,
2009,동작구,보라매역8번출구,동작구 상도로 지하 2,37.500076,126.921082,3033,3077,10,
2013,동작구,장승배기역5번출구,동작구 상도로 지하 188,37.505852,126.939362,6351,8386,30,
2015,동작구,신대방삼거리역6번출구쪽,동작구 상도로 지하 76,37.499855,126.929565,5680,4977,10,
2016,동작구,신대방삼거리역3번출구쪽,동작구 상도로 지하 76,37.499645,126.927094,2811,2521,10,
2020,동작구,장승배기역2번출구뒷편쪽,동작구 상도로 지하 188,37.504498,126.938988,1870,2210,10,
2024,동작구,상도역1번출구,동작구 상도로 지하 272,37.502178,126.948204,3019,3137,10,
2025,동작구,흑석역1번출구,동작구 현충로 지하 90,37.50938,126.963615,6666,6431,15,
2026,동작구,흑석역4번출구,동작구 현충로 지하 90,37.509056,126.963249,2188,2450,10,
2028,동작구,남성역2번출구뒷편,동작구 사당로 지하 218,37.48447,126.971428,3267,2592,10,
2032,동작구,이수역11번출구쪽,동작구 사당로 지하 310,37.485508,126.981621,2380,2244,10,
2033,동작구,사당동아르테스웨딩앞,동작구 동작대로 지하 3,37.481491,126.981583,1029,973,10,
2034,동작구,사당역7번출구쪽,동작구 동작대로 지하 3,37.476891,126.980576,2925,2532,20,
2036,동작구,정금마을마을버스정류장,서초구 동작대로 198,37.494705,126.982391,1292,1140,20,
2037,동작구,동작역5번출구동작주차공원,동작구 현충로 지하 220,37.503189,126.97715,2229,2063,20,
2038,동작구,동작역7번출구,동작구 현충로 지하 220,37.503181,126.976089,606,742,10,
2040,동작구,비계버스정류소,동작구 현충로 151,37.506359,126.969078,511,653,10,
2041,동작구,사당중학교버스정류소,동작구 사당로 169,37.486835,126.968048,1177,1195,10,
2048,동작구,삼일초등학교인근,동작구 사당로23나길 27,37.488453,126.974213,1291,1843,10,
2050,동작구,노량진역5번출구,동작구 노량진로 지하 130,37.513248,126.939972,12109,9516,10,
2054,동작구,삼익아파트,동작구 만양로 84,37.510548,126.944847,2575,2611,10,
2056,동작구,동작구민체육센터,동작구 여의대방로16길 53,37.494499,126.916527,4758,4751,10,
2057,동작구,상도아이파크아파트,동작구 장승배기로 26,37.500881,126.94175,926,1500,10,
2058,동작구,노량진동맥도널드앞,동작구 노량진동 113-7 ,37.513523,126.943527,0,0,10,
2065,동작구,서울시여성가족재단,동작구 여의대방로54길 18,37.51199,126.927086,0,0,15,
2102,관악구,봉림교교통섬,관악구 관천로 52,37.48423,126.926392,16448,16456,20,
2103,관악구,신림동우방아파트,관악구 관천로27길 2,37.489178,126.919273,5784,5213,10,
2104,관악구,사당역5번출구,동작구 남부순환로 지하 2089,37.476089,126.981331,1444,1168,13,
2105,관악구,미성동신림체육센터,관악구 난곡로 295,37.480251,126.914604,1736,1545,12,
2106,관악구,난곡새마을금고,관악구 난곡로 210,37.473728,126.918404,3182,2309,12,
2107,관악구,도림천신화교,관악구 신림로 40,37.475471,126.936455,10132,9219,25,
2108,관악구,은천치안센터,관악구 봉천로 375,37.483341,126.943199,4742,4784,20,
2109,관악구,은천로입구가로공원,양천구 가로공원로 지하 133,37.486225,126.935829,2441,2299,15,
2110,관악구,조원동미성아파트,관악구 시흥대로 560,37.483192,126.902031,1254,1327,9,
2111,관악구,서울대입구역1번출구,관악구 남부순환로 1830,37.480869,126.953316,1669,1850,10,
2112,관악구,서울대입구역마에스트로,관악구 남부순환로 지하 1822,37.481339,126.950645,1843,1989,15,
2113,관악구,관악동작견인차량보관소,관악구 신사로 7,37.484661,126.9039,2505,2613,10,
2115,관악구,관악농협농산물백화점,관악구 남부순환로 1369,37.479916,126.90284,1395,1759,15,
2116,관악구,에이스에이존빌딩,관악구 남부순환로 지하 1822,37.481705,126.950829,4134,4089,9,
2119,관악구,중앙동동진빌딩,관악구 관악로 217,37.484257,126.954697,2124,2047,10,
2122,관악구,낙성대로입구,관악구 남부순환로 1889,37.478058,126.960495,4573,4614,20,
2127,관악구,보성운수차고지맞은편,관악구 난곡로 99,37.464886,126.919479,759,809,10,
2128,관악구,관악구청교차로,관악구 관악로 153,37.479164,126.952583,1153,1493,12,
2129,관악구,낙성대과학전시관,관악구 낙성대로 101,37.469055,126.958145,1791,2492,10,
2130,관악구,영어마을관악캠프,관악구 낙성대로 70,37.47197,126.958763,1731,2227,15,
2135,관악구,신림역5번출구,관악구 남부순환로 지하 1614,37.484409,126.928909,4690,4998,11,
2136,관악구,신림역8번출구,관악구 신림로 340,37.484577,126.929916,2613,2421,10,
2137,관악구,KT&G관악지점,관악구 남부순환로 1675,37.484901,126.936531,1635,1627,10,
2140,관악구,신림1교교차로,관악구 신림로 270,37.478428,126.931862,3884,4052,12,
2141,관악구,미림여고입구교차로,관악구 신림로 137,37.472294,126.933411,7135,6981,12,
2143,관악구,서울산업정보학교,관악구 신림로 67,37.470695,126.9422,1725,1795,10,
2144,관악구,난우길입구,관악구 문성로 115,37.477776,126.916756,1133,1035,15,
2145,관악구,은천초등학교육교,관악구 은천로 69,37.486359,126.942924,2086,2171,12,
2148,관악구,낙성대역3번출구뒤,관악구 남부순환로 지하 1928,37.477028,126.963394,1692,1579,10,
2153,관악구,서울남부초등학교옆,관악구 남부순환로163가길 20,37.485142,126.920563,1408,1303,10,
2156,관악구,농협관악문성지점,금천구 남부순환로 1428,37.480721,126.909325,1013,1062,12,
2157,관악구,난곡사거리,관악구 난곡로 317,37.4818,126.915237,3093,2902,10,
2159,관악구,인헌초교,관악구 봉천동 244-1 ,37.47509,126.959229,0,0,10,
2164,관악구,관악우체국,관악구 남부순환로 1641,37.484768,126.932877,0,0,8,
2165,관악구,JK장평타워,관악구 남부순환로 1943,37.476482,126.965363,0,0,10,
2170,관악구,조원동서울본병원,관악구 남부순환로 1451,37.481529,126.912033,0,0,10,
2171,관악구,서울대입구역5번출구,관악구 남부순환로 1817,37.481548,126.952003,0,0,17,
2172,관악구,나들목공원,관악구 신림로 41,37.469406,126.944511,0,0,20,
2173,관악구,당곡사거리,관악구 보라매로 3,37.48975,126.927467,0,0,10,
2174,관악구,삼성디지털프라자관악점,관악구 신림로 386,37.488564,126.928482,0,0,10,
2175,관악구,신림동걷고싶은문화의거리입구,관악구 신림로 369,37.487301,126.928703,0,0,10,
2176,관악구,보라매공원보도육교,관악구 신사로 132,37.488907,126.916679,0,0,15,
2201,서초구,본마을정류소앞,서초구 본마을2길 2,37.453281,127.051483,537,560,20,
2202,서초구,청계산입구역1번출구,서초구 청계산로 지하 179,37.448936,127.054375,4287,4160,20,
2203,서초구,청계산입구역2번출구,서초구 청계산로 지하 179,37.447659,127.055016,452,563,20,
2205,서초구,내곡3단지어린이공원앞,서초구 청계산로9길 76,37.453751,127.05938,2553,2692,15,
2206,서초구,언남초등학교앞,서초구 헌릉로8길 42,37.454399,127.062309,3526,3446,20,
2207,서초구,내곡파출소뒤정자,서초구 헌릉로 226,37.454407,127.064926,321,376,9,
2210,서초구,반포1동주민센터앞,서초구 사평대로 지하 285,37.505096,127.013107,741,992,15,
2211,서초구,서초구립반포도서관앞,서초구 고무래로 34,37.502636,127.012314,1608,1907,10,
2212,서초구,서초현대4차아파트201동맞은편,서초구 고무래로 94,37.500961,127.017929,1764,2047,20,
2213,서초구,고속터미널역5번출구앞,서초구 신반포로 지하 188,37.502232,127.002258,3037,3591,20,
2214,서초구,신반포역2번출구앞,서초구 신반포로 지하 105,37.504116,126.99749,4069,3651,15,
2215,서초구,반포종합운동장입구,서초구 신반포로16길 30,37.501713,126.995476,1876,1807,10,
2219,서초구,고속터미널역8-1번8-2번출구사이,서초구 신반포로 지하 188,37.506199,127.003944,15298,14488,20,
2220,서초구,반포본동주민센터앞,서초구 신반포로 10,37.500614,126.98616,4903,4452,10,
2221,서초구,하나은행방배동지점앞,서초구 방배로 110,37.485611,126.994682,2428,2286,15,
2222,서초구,사당역12번출구뒤,동작구 동작대로 지하 3,37.478069,126.982033,4245,3477,10,
2223,서초구,방배래미안정문앞,서초구 남부순환로 2183,37.47261,126.983009,911,1119,20,
2224,서초구,방배경찰서민원봉사실앞,서초구 방배천로 54,37.481293,126.982483,1404,1268,15,
2225,서초구,백석예술대학교제3캠퍼스앞,서초구 방배로9길 23,37.473759,126.995247,533,806,15,
2226,서초구,신동아럭스빌아파트앞,서초구 방배로1길 9,37.475182,127.001389,327,958,15,
2227,서초구,방배열린문화센터앞,서초구 서초대로 지하 103,37.489052,126.992523,3321,3146,15,
2228,서초구,뒷벌공원옆,서초구 방배중앙로 131,37.489586,126.986725,3670,2913,20,
2229,서초구,로고스교회맞은편,서초구 방배천로 126,37.487011,126.984962,1228,1103,10,
2230,서초구,이수역4번출구,동작구 사당로 지하 310,37.485828,126.982628,4178,4195,20,
2231,서초구,삼성타운(삼성생명)A동맞은편,서초구 서초대로 405,37.496914,127.024963,5469,5708,15,
2233,서초구,서초신동아1차아파트옆,서초구 효령로36길 22,37.491112,127.022957,1300,1614,20,
2235,서초구,KT서초지사앞,서초구 사평대로 73,37.482159,127.002701,1207,1653,15,
2237,서초구,서울남부터미널대합실입구,서초구 서초중앙로 지하 31,37.484558,127.01487,2489,3277,20,
2239,서초구,교대역6번출구,서초구 서초대로 지하 294,37.494217,127.013786,3143,3524,10,
2241,서초구,양재전화국사거리,강남구 논현로 201,37.485378,127.041702,2517,2731,10,
2242,서초구,양재역11번출구앞,서초구 남부순환로 지하 2585,37.48399,127.03418,2948,5383,20,
2243,서초구,서울가정법원,서초구 강남대로 193,37.481491,127.036728,1976,2454,15,
2244,서초구,교육개발원입구교차로,서초구 바우뫼로1길 35,37.477852,127.03891,4919,4881,20,
2245,서초구,양재초등학교맞은편,서초구 바우뫼로18길 14,37.473614,127.03051,1866,1564,20,
2246,서초구,서울시품질시험소앞,서초구 태봉로 131,37.4692,127.029007,1241,1180,15,
2247,서초구,섬들근린공원,서초구 태봉로2길 24,37.462639,127.026619,3279,3017,25,
2248,서초구,서초리슈빌S글로벌앞,서초구 양재대로2길 8,37.459953,127.024742,1761,1839,10,
2249,서초구,우솔초등학교맞은편,서초구 양재대로2길 74,37.456234,127.019348,901,889,10,
2250,서초구,서초유치원맞은편,서초구 양재대로2길 74,37.455799,127.016289,1291,1378,10,
2251,서초구,더케이호텔입구(양재2),서초구 바우뫼로12길 70,37.467506,127.034477,1363,1236,10,
2252,서초구,하이브랜드앞,서초구 매헌로 16,37.463322,127.036041,3360,3579,25,
2255,서초구,시민의숲역1번출구옆,서초구 매헌로 지하 116,37.47044,127.038857,8099,7143,25,
2256,서초구,양재동꽃시장입구,서초구 강남대로 27,37.46769,127.040359,1472,1359,10,
2257,서초구,하나로클럽양재점맞은편,서초구 청계산로 10,37.462688,127.046112,336,344,10,
2258,서초구,구룡사삼거리,강남구 논현로2길 22,37.471539,127.050591,760,1008,20,
2259,서초구,잠원역3번-4번출구사이,서초구 잠원로4길 지하 46,37.512989,127.011177,3033,3027,15,
2262,서초구,한신16차아파트119동앞,서초구 나루터로4길 60,37.516598,127.00959,7371,6278,20,
2263,서초구,바우뫼문화복지회관,서초구 바우뫼로 43,37.471928,127.02684,2118,2154,20,
2264,서초구,이수역1번출구,서초구 동작대로 134,37.488556,126.982574,3167,3165,9,
2265,서초구,이수고가차도남단,서초구 동작대로 196,37.494106,126.982994,2989,2685,25,
2266,서초구,서초역3번출구,서초동 1748-14,37.49054,127.008163,0,0,15,
2268,서초구,서초4동주민센터,서초동 1389,37.502319,127.02227,26,32,10,
2269,서초구,주홍교하부,잠원동 91-29,37.510349,127.016052,33,37,10,
2271,서초구,내방역8번출구앞,서초구 방배로 162,37.487865,126.994293,0,0,8,
2272,서초구,교대입구교차로,서초동 1748-33,37.487309,127.010582,18,29,10,
2273,서초구,일동제약사거리,양재동 67-12,37.477829,127.038269,85,68,10,
2274,서초구,양재시민의숲역3번출구,양재동 316-11,37.46965,127.039612,72,58,10,
2275,서초구,염곡치안센터건너편,염곡동 260-1,37.461578,127.048798,9,5,10,
2276,서초구,영동1교(양재천근린공원),양재동 261-23,37.474388,127.038902,40,39,15,
2277,서초구,길마중4교하부,잠원동 84-3,37.51487,127.015282,0,0,10,
2279,서초구,교대역5번출구뒤,서초구 서초중앙로 130,37.493618,127.014183,0,0,10,
2281,서초구,연세사랑병원신관앞,서초구 효령로 10,37.475979,126.986282,0,0,7,
2282,서초구,방배래미안아트힐101동앞,서초구 남부순환로 2311-12,37.477203,127.005836,0,0,15,
2283,서초구,그룹한빌딩옆,서초구 서초대로 62,37.486526,126.989166,0,0,10,
2284,서초구,CJ오쇼핑앞,서초구 과천대로 870-13,37.468102,126.986801,0,0,10,
2286,서초구,탑성마을입구,서초구 탑성말길 2,37.458549,127.055885,0,0,10,
2287,서초구,능안마을입구,서초구 능안말길 1-2,37.45562,127.067101,0,0,10,
2288,서초구,안골마을입구,서초구 안골2길 3,37.455608,127.064453,0,0,10,
2289,서초구,남태령역2번출구,서초구 과천대로 810,37.464298,126.988525,0,0,10,
2292,서초구,무지개아파트앞,서초구 효령로 391,37.488243,127.027016,0,0,15,
2293,서초구,SPC앞,서초구 남부순환로 2620,37.484798,127.036995,0,0,10,
2294,서초구,두상빌딩앞,서초구 언남길 87,37.475906,127.046242,0,0,15,
2298,서초구,래미안서초스위트앞,서초구 서운로 221,37.502411,127.021606,0,0,12,
2301,강남구,현대고등학교건너편,강남구 압구정로 134,37.524071,127.02179,7069,6697,10,
2302,강남구,교보타워버스정류장(신논현역3번출구후면),강남구 봉은사로 지하 102,37.505581,127.024277,5348,5735,10,
2303,강남구,논현역7번출구,강남구 학동로 지하 102,37.511517,127.021477,2293,2751,15,
2304,강남구,신영ROYALPALACE앞,강남구 언주로 626,37.512527,127.035835,840,1553,10,
2305,강남구,MCM본사직영점앞,강남구 언주로 734,37.520641,127.034508,1861,1739,10,
2306,강남구,압구정역2번출구옆,강남구 압구정로 지하 172,37.527122,127.028717,4326,5868,30,
2307,강남구,압구정한양3차아파트,강남구 압구정로 321,37.528614,127.038559,3208,3169,10,
2308,강남구,압구정파출소앞,강남구 압구정로 311,37.529301,127.035599,3001,3176,14,
2309,강남구,청담역(우리들병원앞),강남구 학동로 443,37.518902,127.049385,1481,2141,10,
2310,강남구,청담동맥도날드옆(위치),강남구 학동로 지하 508,37.523613,127.040176,1535,1555,10,
2311,강남구,학동로래미안아파트앞,강남구 학동로 지하 508,37.517773,127.043022,290,734,10,
2312,강남구,청담역13번출구앞,강남구 영동대로 703,37.52058,127.056328,988,1124,10,
2313,강남구,금원빌딩앞,강남구 도산대로 539,37.525116,127.052467,2649,2770,10,
2314,강남구,청담나들목입구,강남구 영동대로128길 59,37.521275,127.061035,1554,1491,10,
2315,강남구,봉은사역5번출구옆,강남구 봉은사로 지하 601,37.514248,127.061119,2701,3052,10,
2316,강남구,삼성역8번출구,강남구 영동대로 502,37.509575,127.063408,2811,3174,10,
2317,강남구,삼성도로공원,강남구 영동대로112길 66,37.515888,127.0662,2611,2679,10,
2318,강남구,삼성중앙역4번출구(문화센터더리빌),강남구 봉은사로 531,37.513577,127.055031,1704,2104,15,
2319,강남구,포스코4거리서측(수협삼성동지점),강남구 테헤란로 435,37.506607,127.05468,2168,2135,10,
2320,강남구,도곡역대치지구대방향,강남구 남부순환로 지하 2814,37.491928,127.056969,3110,2949,10,
2321,강남구,학여울역사거리,강남구 남부순환로 지하 3104,37.496117,127.069443,2688,2514,10,
2322,강남구,삼성역3번출구,강남구 테헤란로 534,37.508091,127.063103,1705,2169,15,
2323,강남구,주식회사오뚜기정문앞,강남구 영동대로 308,37.502213,127.067207,777,963,10,
2324,강남구,천주교대치2동교회옆,강남구 도곡로 540,37.500439,127.066223,2495,2542,10,
2325,강남구,대치동버거킹대치점,강남구 도곡로 447,37.49865,127.059319,3125,3333,10,
2326,강남구,대치동삼성로,강남구 삼성로 350,37.502396,127.0588,824,1376,10,
2327,강남구,뱅뱅사거리랜드마크타워앞,강남구 강남대로 308,37.490551,127.031464,4250,4309,15,
2328,강남구,르네상스호텔사거리역삼지하보도7번출구앞,강남구 언주로 506,37.503586,127.042641,1333,1755,10,
2329,강남구,르네상스호텔사거리역삼지하보도2번출구,강남구 테헤란로 지하 156,37.502357,127.04319,1279,1729,10,
2330,강남구,스타벅스앞,강남구 도곡로 183,37.492199,127.039459,2217,2468,10,
2331,강남구,동영문화센터앞,강남구 언주로 337,37.498051,127.044601,1644,2395,20,
2333,강남구,양재역3번출구주변,강남구 강남대로 240,37.485157,127.034073,850,1376,15,
2334,강남구,8.삼호@2동(간선도로),강남구 선릉로 지하 228,37.493759,127.045898,1019,1345,15,
2335,강남구,3호선매봉역3번출구앞,강남구 남부순환로 2748,37.486767,127.046761,3210,3050,10,
2336,강남구,강남세브란스교차로래미안그레이튼104동앞,강남구 선릉로 지하 228,37.494236,127.047462,1339,1462,10,
2337,강남구,대모산입구역2번출구앞,강남구 영동대로 101,37.492077,127.071976,3234,3095,15,
2339,강남구,현대아파트정문앞,강남구 언주로 107,37.483261,127.052299,1967,1809,10,
2340,강남구,삼호물산버스정류장(23370)옆,강남구 논현로 82,37.477509,127.045174,5282,4757,15,
2341,강남구,일원역4~5번출구사이,강남구 일원로 127,37.483311,127.084938,789,956,10,
2342,강남구,대청역1번출구뒤,강남구 개포로 623,37.494007,127.079514,2696,2292,10,
2343,강남구,세곡사거리대왕파출소앞,강남구 헌릉로 623,37.465317,127.107727,338,299,10,
2344,강남구,리엔파크2단지앞,강남구 헌릉로590길 10,37.465061,127.101196,900,779,10,
2347,강남구,두산건설본사,강남구 언주로 726,37.518639,127.0354,388,744,15,
2348,강남구,포스코사거리(기업은행),강남구 테헤란로 501,37.507233,127.056854,2539,2422,10,
2350,강남구,래미안그레이튼102동앞,강남구 선릉로69길 19,37.494823,127.047905,987,1087,10,
2351,강남구,청소년수련관(수영장)앞,강남구 광평로 144,37.483879,127.089027,575,497,15,
2352,강남구,서울본부세관(건설회관앞),강남구 언주로 721,37.51759,127.035027,410,780,10,
2353,강남구,강남구청역2번출구뒤,강남구 학동로 342,37.516811,127.040474,783,1390,10,
2354,강남구,청담역2번출구,강남구 영동대로 647,37.519787,127.056763,584,726,5,
2355,강남구,삼성역5~6번출구사이,강남구 봉은사로 524,37.509121,127.062309,2703,3376,20,
2356,강남구,강남구청,강남구 학동로 지하 346,37.51807,127.047119,715,959,10,
2357,강남구,르네상스호텔사거리역삼지하보도3번출구앞(더오번빌딩명동칼국수앞),강남구 언주로89길 7,37.501949,127.04277,428,662,15,
2358,강남구,구룡초사거리(현대아파트10동앞),강남구 개포로 303,37.481384,127.053917,1845,1733,10,
2359,강남구,국립국악중고교정문맞은편,강남구 논현로10길 29,37.475605,127.050377,749,772,10,
2360,강남구,도곡1동주민센터교차로,강남구 도곡로 205,37.492809,127.041389,1455,1637,15,
2361,강남구,압구정역교차로,강남구 신사동 580-7,37.526844,127.028259,0,0,10,
2362,강남구,신사동가로수길입구,강남구 신사동 501-5,37.517635,127.022453,72,76,10,
2364,강남구,도산대로렉서스앞,강남구 도산대로 229 ,37.52124,127.031898,43,31,10,
2365,강남구,K+타워앞,강남구 도산대로 333 ,37.5233,127.038475,49,36,15,
2368,강남구,도곡동경남아파트건너편,강남구 도곡동 874-1,37.489342,127.041298,69,99,10,
2369,강남구,KT선릉타워,강남구 대치동 1011,37.505428,127.052872,0,0,20,
2370,강남구,한티역3번출구,강남구 대치동 1026,37.496552,127.054298,73,81,20,
2371,강남구,한국우편사업진흥원,강남구 언주로 651,37.514748,127.035133,27,35,10,
2372,강남구,대치역사거리,강남구 삼성로 156 ,37.494499,127.063797,164,108,10,
2373,강남구,개포동역사거리,강남구 개포동 181-3,37.489277,127.065575,56,61,20,
2375,강남구,수서역1번출구앞,강남구 수서동 728,37.48735,127.100998,18,16,10,
2377,강남구,수서역5번출구뒤,강남구 수서동 724-4,37.486835,127.102753,50,56,10,
2382,강남구,역삼동sk뷰501동앞,강남구 역삼로 315-1,37.501343,127.050468,0,0,11,
2383,강남구,보금자리정원,강남구 헌릉로569길 39-6,37.466328,127.094887,0,0,10,
2385,강남구,학동역,강남구 학동로 지하 180,37.51395,127.030151,0,0,10,
2387,강남구,래미안강남힐즈사거리,강남구 자곡로 101,37.472454,127.096077,0,0,10,
3101,서대문구,서대문구청,서대문구 연희로 242,37.578381,126.936096,0,0,13,
3102,서대문구,연희삼거리,서대문구 연희로 113,37.567966,126.931725,0,0,10,
3501,광진구,광진구청앞,광진구 자양로 131,,10,37.539501,127.083,757,766
3502,광진구,중곡역1번출구,광진구 능동로 지하 417,,15,37.565659,127.084297,49,48
3503,광진구,광진유진스웰,광진구 아차산로78길 7,,20,37.550488,127.108955,22,37
3504,광진구,원일교회,광진구 아차산로 304,,9,37.538052,127.076599,372,440
3505,광진구,신양초교앞교차로,광진구 능동로 42,,12,37.535221,127.068398,230,274
3506,광진구,영동대교북단,광진구 자양동 203-22,,10,37.537014,127.061096,377,396
3507,광진구,어린이회관,광진구 능동 465-7,,25,37.545952,127.078003,96,126
3508,광진구,화양사거리,광진구 화양동 21-6,,10,37.548222,127.067879,630,654
3509,광진구,세종사이버대학교,광진구 군자동 111-2,,20,37.55315,127.072853,1194,1135
3511,성동구,응봉역1번출구,성동구 고산자로 123,,15,37.55125,127.035103,27,26
3513,성동구,상왕십리역1번출구,성동구 하왕십리동 860-1 ,,10,37.56461,127.029198,125,192
3514,성동구,왕십리교회옆,성동구 상왕십리동 350-1 ,,10,37.566261,127.023697,102,130
3517,광진구,용마사거리,광진구 능동로 373,,10,37.562656,127.082756,0,0
3519,성동구,용답역1번출구,성동구 용답길 86,,10,37.562607,127.051308,0,0
3520,광진구,광진경찰서,광진구 자양로 167,,10,37.542519,127.084084,0,0
3521,광진구,현대홈타운뒷길,광진구 아차산로69길 29,,10,37.543427,127.096619,0,0
3522,성동구,사근삼거리,성동구 사근동10길 7,,9,37.561245,127.048851,0,0
